--
-- PostgreSQL database dump
--

-- Dumped from database version 16.3
-- Dumped by pg_dump version 16.6 (Ubuntu 16.6-1.pgdg22.04+1)

SET statement_timeout = 0;
SET lock_timeout = 0;
SET idle_in_transaction_session_timeout = 0;
SET client_encoding = 'UTF8';
SET standard_conforming_strings = on;
SELECT pg_catalog.set_config('search_path', '', false);
SET check_function_bodies = false;
SET xmloption = content;
SET client_min_messages = warning;
SET row_security = off;

SET default_tablespace = '';

SET default_table_access_method = heap;

--
-- Name: account_emailaddress; Type: TABLE; Schema: public; Owner: brennam
--

CREATE TABLE public.account_emailaddress (
    id integer NOT NULL,
    email character varying(254) NOT NULL,
    verified boolean NOT NULL,
    "primary" boolean NOT NULL,
    user_id uuid NOT NULL
);


ALTER TABLE public.account_emailaddress OWNER TO brennam;

--
-- Name: account_emailaddress_id_seq; Type: SEQUENCE; Schema: public; Owner: brennam
--

ALTER TABLE public.account_emailaddress ALTER COLUMN id ADD GENERATED BY DEFAULT AS IDENTITY (
    SEQUENCE NAME public.account_emailaddress_id_seq
    START WITH 1
    INCREMENT BY 1
    NO MINVALUE
    NO MAXVALUE
    CACHE 1
);


--
-- Name: account_emailconfirmation; Type: TABLE; Schema: public; Owner: brennam
--

CREATE TABLE public.account_emailconfirmation (
    id integer NOT NULL,
    created timestamp with time zone NOT NULL,
    sent timestamp with time zone,
    key character varying(64) NOT NULL,
    email_address_id integer NOT NULL
);


ALTER TABLE public.account_emailconfirmation OWNER TO brennam;

--
-- Name: account_emailconfirmation_id_seq; Type: SEQUENCE; Schema: public; Owner: brennam
--

ALTER TABLE public.account_emailconfirmation ALTER COLUMN id ADD GENERATED BY DEFAULT AS IDENTITY (
    SEQUENCE NAME public.account_emailconfirmation_id_seq
    START WITH 1
    INCREMENT BY 1
    NO MINVALUE
    NO MAXVALUE
    CACHE 1
);


--
-- Name: auth_group; Type: TABLE; Schema: public; Owner: brennam
--

CREATE TABLE public.auth_group (
    id integer NOT NULL,
    name character varying(150) NOT NULL
);


ALTER TABLE public.auth_group OWNER TO brennam;

--
-- Name: auth_group_id_seq; Type: SEQUENCE; Schema: public; Owner: brennam
--

ALTER TABLE public.auth_group ALTER COLUMN id ADD GENERATED BY DEFAULT AS IDENTITY (
    SEQUENCE NAME public.auth_group_id_seq
    START WITH 1
    INCREMENT BY 1
    NO MINVALUE
    NO MAXVALUE
    CACHE 1
);


--
-- Name: auth_group_permissions; Type: TABLE; Schema: public; Owner: brennam
--

CREATE TABLE public.auth_group_permissions (
    id bigint NOT NULL,
    group_id integer NOT NULL,
    permission_id integer NOT NULL
);


ALTER TABLE public.auth_group_permissions OWNER TO brennam;

--
-- Name: auth_group_permissions_id_seq; Type: SEQUENCE; Schema: public; Owner: brennam
--

ALTER TABLE public.auth_group_permissions ALTER COLUMN id ADD GENERATED BY DEFAULT AS IDENTITY (
    SEQUENCE NAME public.auth_group_permissions_id_seq
    START WITH 1
    INCREMENT BY 1
    NO MINVALUE
    NO MAXVALUE
    CACHE 1
);


--
-- Name: auth_permission; Type: TABLE; Schema: public; Owner: brennam
--

CREATE TABLE public.auth_permission (
    id integer NOT NULL,
    name character varying(255) NOT NULL,
    content_type_id integer NOT NULL,
    codename character varying(100) NOT NULL
);


ALTER TABLE public.auth_permission OWNER TO brennam;

--
-- Name: auth_permission_id_seq; Type: SEQUENCE; Schema: public; Owner: brennam
--

ALTER TABLE public.auth_permission ALTER COLUMN id ADD GENERATED BY DEFAULT AS IDENTITY (
    SEQUENCE NAME public.auth_permission_id_seq
    START WITH 1
    INCREMENT BY 1
    NO MINVALUE
    NO MAXVALUE
    CACHE 1
);


--
-- Name: authtoken_token; Type: TABLE; Schema: public; Owner: brennam
--

CREATE TABLE public.authtoken_token (
    key character varying(40) NOT NULL,
    created timestamp with time zone NOT NULL,
    user_id uuid NOT NULL
);


ALTER TABLE public.authtoken_token OWNER TO brennam;

--
-- Name: django_admin_log; Type: TABLE; Schema: public; Owner: brennam
--

CREATE TABLE public.django_admin_log (
    id integer NOT NULL,
    action_time timestamp with time zone NOT NULL,
    object_id text,
    object_repr character varying(200) NOT NULL,
    action_flag smallint NOT NULL,
    change_message text NOT NULL,
    content_type_id integer,
    user_id uuid NOT NULL,
    CONSTRAINT django_admin_log_action_flag_check CHECK ((action_flag >= 0))
);


ALTER TABLE public.django_admin_log OWNER TO brennam;

--
-- Name: django_admin_log_id_seq; Type: SEQUENCE; Schema: public; Owner: brennam
--

ALTER TABLE public.django_admin_log ALTER COLUMN id ADD GENERATED BY DEFAULT AS IDENTITY (
    SEQUENCE NAME public.django_admin_log_id_seq
    START WITH 1
    INCREMENT BY 1
    NO MINVALUE
    NO MAXVALUE
    CACHE 1
);


--
-- Name: django_content_type; Type: TABLE; Schema: public; Owner: brennam
--

CREATE TABLE public.django_content_type (
    id integer NOT NULL,
    app_label character varying(100) NOT NULL,
    model character varying(100) NOT NULL
);


ALTER TABLE public.django_content_type OWNER TO brennam;

--
-- Name: django_content_type_id_seq; Type: SEQUENCE; Schema: public; Owner: brennam
--

ALTER TABLE public.django_content_type ALTER COLUMN id ADD GENERATED BY DEFAULT AS IDENTITY (
    SEQUENCE NAME public.django_content_type_id_seq
    START WITH 1
    INCREMENT BY 1
    NO MINVALUE
    NO MAXVALUE
    CACHE 1
);


--
-- Name: django_migrations; Type: TABLE; Schema: public; Owner: brennam
--

CREATE TABLE public.django_migrations (
    id bigint NOT NULL,
    app character varying(255) NOT NULL,
    name character varying(255) NOT NULL,
    applied timestamp with time zone NOT NULL
);


ALTER TABLE public.django_migrations OWNER TO brennam;

--
-- Name: django_migrations_id_seq; Type: SEQUENCE; Schema: public; Owner: brennam
--

ALTER TABLE public.django_migrations ALTER COLUMN id ADD GENERATED BY DEFAULT AS IDENTITY (
    SEQUENCE NAME public.django_migrations_id_seq
    START WITH 1
    INCREMENT BY 1
    NO MINVALUE
    NO MAXVALUE
    CACHE 1
);


--
-- Name: django_session; Type: TABLE; Schema: public; Owner: brennam
--

CREATE TABLE public.django_session (
    session_key character varying(40) NOT NULL,
    session_data text NOT NULL,
    expire_date timestamp with time zone NOT NULL
);


ALTER TABLE public.django_session OWNER TO brennam;

--
-- Name: room_category; Type: TABLE; Schema: public; Owner: brennam
--

CREATE TABLE public.room_category (
    id uuid NOT NULL,
    name character varying(255) NOT NULL,
    description text NOT NULL
);


ALTER TABLE public.room_category OWNER TO brennam;

--
-- Name: room_reservation; Type: TABLE; Schema: public; Owner: brennam
--

CREATE TABLE public.room_reservation (
    id uuid NOT NULL,
    start_date date NOT NULL,
    end_date date NOT NULL,
    number_of_nights integer NOT NULL,
    guests integer NOT NULL,
    total_price double precision NOT NULL,
    created_at timestamp with time zone NOT NULL,
    created_by_id uuid NOT NULL,
    room_id uuid NOT NULL,
    updated_at timestamp with time zone NOT NULL,
    CONSTRAINT room_reservation_guests_20a56789_check CHECK ((guests >= 0))
);


ALTER TABLE public.room_reservation OWNER TO brennam;

--
-- Name: room_room; Type: TABLE; Schema: public; Owner: brennam
--

CREATE TABLE public.room_room (
    id uuid NOT NULL,
    title character varying(255) NOT NULL,
    description text NOT NULL,
    price_per_night integer NOT NULL,
    beds integer NOT NULL,
    bedrooms integer NOT NULL,
    bathrooms integer NOT NULL,
    guests integer NOT NULL,
    image character varying(100) NOT NULL,
    created_at timestamp with time zone NOT NULL,
    category_id uuid NOT NULL,
    wing_id uuid NOT NULL
);


ALTER TABLE public.room_room OWNER TO brennam;

--
-- Name: room_wing; Type: TABLE; Schema: public; Owner: brennam
--

CREATE TABLE public.room_wing (
    id uuid NOT NULL,
    name character varying(255) NOT NULL,
    image character varying(100) NOT NULL,
    description text NOT NULL
);


ALTER TABLE public.room_wing OWNER TO brennam;

--
-- Name: socialaccount_socialaccount; Type: TABLE; Schema: public; Owner: brennam
--

CREATE TABLE public.socialaccount_socialaccount (
    id integer NOT NULL,
    provider character varying(200) NOT NULL,
    uid character varying(191) NOT NULL,
    last_login timestamp with time zone NOT NULL,
    date_joined timestamp with time zone NOT NULL,
    extra_data jsonb NOT NULL,
    user_id uuid NOT NULL
);


ALTER TABLE public.socialaccount_socialaccount OWNER TO brennam;

--
-- Name: socialaccount_socialaccount_id_seq; Type: SEQUENCE; Schema: public; Owner: brennam
--

ALTER TABLE public.socialaccount_socialaccount ALTER COLUMN id ADD GENERATED BY DEFAULT AS IDENTITY (
    SEQUENCE NAME public.socialaccount_socialaccount_id_seq
    START WITH 1
    INCREMENT BY 1
    NO MINVALUE
    NO MAXVALUE
    CACHE 1
);


--
-- Name: socialaccount_socialapp; Type: TABLE; Schema: public; Owner: brennam
--

CREATE TABLE public.socialaccount_socialapp (
    id integer NOT NULL,
    provider character varying(30) NOT NULL,
    name character varying(40) NOT NULL,
    client_id character varying(191) NOT NULL,
    secret character varying(191) NOT NULL,
    key character varying(191) NOT NULL,
    provider_id character varying(200) NOT NULL,
    settings jsonb NOT NULL
);


ALTER TABLE public.socialaccount_socialapp OWNER TO brennam;

--
-- Name: socialaccount_socialapp_id_seq; Type: SEQUENCE; Schema: public; Owner: brennam
--

ALTER TABLE public.socialaccount_socialapp ALTER COLUMN id ADD GENERATED BY DEFAULT AS IDENTITY (
    SEQUENCE NAME public.socialaccount_socialapp_id_seq
    START WITH 1
    INCREMENT BY 1
    NO MINVALUE
    NO MAXVALUE
    CACHE 1
);


--
-- Name: socialaccount_socialtoken; Type: TABLE; Schema: public; Owner: brennam
--

CREATE TABLE public.socialaccount_socialtoken (
    id integer NOT NULL,
    token text NOT NULL,
    token_secret text NOT NULL,
    expires_at timestamp with time zone,
    account_id integer NOT NULL,
    app_id integer
);


ALTER TABLE public.socialaccount_socialtoken OWNER TO brennam;

--
-- Name: socialaccount_socialtoken_id_seq; Type: SEQUENCE; Schema: public; Owner: brennam
--

ALTER TABLE public.socialaccount_socialtoken ALTER COLUMN id ADD GENERATED BY DEFAULT AS IDENTITY (
    SEQUENCE NAME public.socialaccount_socialtoken_id_seq
    START WITH 1
    INCREMENT BY 1
    NO MINVALUE
    NO MAXVALUE
    CACHE 1
);


--
-- Name: token_blacklist_blacklistedtoken; Type: TABLE; Schema: public; Owner: brennam
--

CREATE TABLE public.token_blacklist_blacklistedtoken (
    id bigint NOT NULL,
    blacklisted_at timestamp with time zone NOT NULL,
    token_id bigint NOT NULL
);


ALTER TABLE public.token_blacklist_blacklistedtoken OWNER TO brennam;

--
-- Name: token_blacklist_blacklistedtoken_id_seq; Type: SEQUENCE; Schema: public; Owner: brennam
--

ALTER TABLE public.token_blacklist_blacklistedtoken ALTER COLUMN id ADD GENERATED BY DEFAULT AS IDENTITY (
    SEQUENCE NAME public.token_blacklist_blacklistedtoken_id_seq
    START WITH 1
    INCREMENT BY 1
    NO MINVALUE
    NO MAXVALUE
    CACHE 1
);


--
-- Name: token_blacklist_outstandingtoken; Type: TABLE; Schema: public; Owner: brennam
--

CREATE TABLE public.token_blacklist_outstandingtoken (
    id bigint NOT NULL,
    token text NOT NULL,
    created_at timestamp with time zone,
    expires_at timestamp with time zone NOT NULL,
    user_id uuid,
    jti character varying(255) NOT NULL
);


ALTER TABLE public.token_blacklist_outstandingtoken OWNER TO brennam;

--
-- Name: token_blacklist_outstandingtoken_id_seq; Type: SEQUENCE; Schema: public; Owner: brennam
--

ALTER TABLE public.token_blacklist_outstandingtoken ALTER COLUMN id ADD GENERATED BY DEFAULT AS IDENTITY (
    SEQUENCE NAME public.token_blacklist_outstandingtoken_id_seq
    START WITH 1
    INCREMENT BY 1
    NO MINVALUE
    NO MAXVALUE
    CACHE 1
);


--
-- Name: useraccount_reservation; Type: TABLE; Schema: public; Owner: brennam
--

CREATE TABLE public.useraccount_reservation (
    id bigint NOT NULL,
    start_date date NOT NULL,
    end_date date NOT NULL,
    guests integer NOT NULL,
    created_at timestamp with time zone NOT NULL,
    updated_at timestamp with time zone NOT NULL,
    room_id uuid NOT NULL,
    user_id uuid NOT NULL,
    CONSTRAINT useraccount_reservation_guests_check CHECK ((guests >= 0))
);


ALTER TABLE public.useraccount_reservation OWNER TO brennam;

--
-- Name: useraccount_reservation_id_seq; Type: SEQUENCE; Schema: public; Owner: brennam
--

ALTER TABLE public.useraccount_reservation ALTER COLUMN id ADD GENERATED BY DEFAULT AS IDENTITY (
    SEQUENCE NAME public.useraccount_reservation_id_seq
    START WITH 1
    INCREMENT BY 1
    NO MINVALUE
    NO MAXVALUE
    CACHE 1
);


--
-- Name: useraccount_user; Type: TABLE; Schema: public; Owner: brennam
--

CREATE TABLE public.useraccount_user (
    password character varying(128) NOT NULL,
    id uuid NOT NULL,
    email character varying(254) NOT NULL,
    avatar character varying(100),
    is_active boolean NOT NULL,
    is_superuser boolean NOT NULL,
    is_staff boolean NOT NULL,
    date_joined timestamp with time zone NOT NULL,
    last_login timestamp with time zone,
    name character varying(255)
);


ALTER TABLE public.useraccount_user OWNER TO brennam;

--
-- Name: useraccount_user_groups; Type: TABLE; Schema: public; Owner: brennam
--

CREATE TABLE public.useraccount_user_groups (
    id bigint NOT NULL,
    user_id uuid NOT NULL,
    group_id integer NOT NULL
);


ALTER TABLE public.useraccount_user_groups OWNER TO brennam;

--
-- Name: useraccount_user_groups_id_seq; Type: SEQUENCE; Schema: public; Owner: brennam
--

ALTER TABLE public.useraccount_user_groups ALTER COLUMN id ADD GENERATED BY DEFAULT AS IDENTITY (
    SEQUENCE NAME public.useraccount_user_groups_id_seq
    START WITH 1
    INCREMENT BY 1
    NO MINVALUE
    NO MAXVALUE
    CACHE 1
);


--
-- Name: useraccount_user_user_permissions; Type: TABLE; Schema: public; Owner: brennam
--

CREATE TABLE public.useraccount_user_user_permissions (
    id bigint NOT NULL,
    user_id uuid NOT NULL,
    permission_id integer NOT NULL
);


ALTER TABLE public.useraccount_user_user_permissions OWNER TO brennam;

--
-- Name: useraccount_user_user_permissions_id_seq; Type: SEQUENCE; Schema: public; Owner: brennam
--

ALTER TABLE public.useraccount_user_user_permissions ALTER COLUMN id ADD GENERATED BY DEFAULT AS IDENTITY (
    SEQUENCE NAME public.useraccount_user_user_permissions_id_seq
    START WITH 1
    INCREMENT BY 1
    NO MINVALUE
    NO MAXVALUE
    CACHE 1
);


--
-- Data for Name: account_emailaddress; Type: TABLE DATA; Schema: public; Owner: brennam
--

COPY public.account_emailaddress (id, email, verified, "primary", user_id) FROM stdin;
1	bondbrennam@yahoo.com	f	t	50f8a9c9-772f-40ee-b8b5-a616e2396b32
2	mytest69@gmail.com	f	t	e7440b8e-9399-4af5-90c5-81c4af6c6292
3	test123@test.com	f	t	0f5d3b00-8610-45bb-84d5-6239aa5447d2
4	guestuser@test.com	f	t	913202af-3711-4f93-9cd1-d8b9c78859d0
5	anothertestuser@test.com	f	t	68e73b77-2a2d-4a55-9ffd-3b0e6cdfc167
6	arealuser@test.com	f	t	ab91aed4-75e4-411d-b4c1-522350531c77
7	wingstestuser@test.com	f	t	737588da-fb5f-4811-bbab-b9a41ab9a58f
8	testuser69420@test.com	f	t	9ba59918-731a-41ed-a675-5479597f332d
9	test845@gmail.com	f	t	c49fdf9d-1f23-40ce-99c6-39c008a03ed0
10	adgasddlj@test.com	f	t	fa30dd5a-be7c-438c-84a3-a46d2a672601
\.


--
-- Data for Name: account_emailconfirmation; Type: TABLE DATA; Schema: public; Owner: brennam
--

COPY public.account_emailconfirmation (id, created, sent, key, email_address_id) FROM stdin;
\.


--
-- Data for Name: auth_group; Type: TABLE DATA; Schema: public; Owner: brennam
--

COPY public.auth_group (id, name) FROM stdin;
\.


--
-- Data for Name: auth_group_permissions; Type: TABLE DATA; Schema: public; Owner: brennam
--

COPY public.auth_group_permissions (id, group_id, permission_id) FROM stdin;
\.


--
-- Data for Name: auth_permission; Type: TABLE DATA; Schema: public; Owner: brennam
--

COPY public.auth_permission (id, name, content_type_id, codename) FROM stdin;
1	Can add log entry	1	add_logentry
2	Can change log entry	1	change_logentry
3	Can delete log entry	1	delete_logentry
4	Can view log entry	1	view_logentry
5	Can add permission	2	add_permission
6	Can change permission	2	change_permission
7	Can delete permission	2	delete_permission
8	Can view permission	2	view_permission
9	Can add group	3	add_group
10	Can change group	3	change_group
11	Can delete group	3	delete_group
12	Can view group	3	view_group
13	Can add content type	4	add_contenttype
14	Can change content type	4	change_contenttype
15	Can delete content type	4	delete_contenttype
16	Can view content type	4	view_contenttype
17	Can add session	5	add_session
18	Can change session	5	change_session
19	Can delete session	5	delete_session
20	Can view session	5	view_session
21	Can add Token	6	add_token
22	Can change Token	6	change_token
23	Can delete Token	6	delete_token
24	Can view Token	6	view_token
25	Can add Token	7	add_tokenproxy
26	Can change Token	7	change_tokenproxy
27	Can delete Token	7	delete_tokenproxy
28	Can view Token	7	view_tokenproxy
29	Can add email address	8	add_emailaddress
30	Can change email address	8	change_emailaddress
31	Can delete email address	8	delete_emailaddress
32	Can view email address	8	view_emailaddress
33	Can add email confirmation	9	add_emailconfirmation
34	Can change email confirmation	9	change_emailconfirmation
35	Can delete email confirmation	9	delete_emailconfirmation
36	Can view email confirmation	9	view_emailconfirmation
37	Can add social account	10	add_socialaccount
38	Can change social account	10	change_socialaccount
39	Can delete social account	10	delete_socialaccount
40	Can view social account	10	view_socialaccount
41	Can add social application	11	add_socialapp
42	Can change social application	11	change_socialapp
43	Can delete social application	11	delete_socialapp
44	Can view social application	11	view_socialapp
45	Can add social application token	12	add_socialtoken
46	Can change social application token	12	change_socialtoken
47	Can delete social application token	12	delete_socialtoken
48	Can view social application token	12	view_socialtoken
49	Can add category	13	add_category
50	Can change category	13	change_category
51	Can delete category	13	delete_category
52	Can view category	13	view_category
53	Can add reservation	14	add_reservation
54	Can change reservation	14	change_reservation
55	Can delete reservation	14	delete_reservation
56	Can view reservation	14	view_reservation
57	Can add room	15	add_room
58	Can change room	15	change_room
59	Can delete room	15	delete_room
60	Can view room	15	view_room
61	Can add wing	16	add_wing
62	Can change wing	16	change_wing
63	Can delete wing	16	delete_wing
64	Can view wing	16	view_wing
65	Can add user	17	add_user
66	Can change user	17	change_user
67	Can delete user	17	delete_user
68	Can view user	17	view_user
69	Can add blacklisted token	18	add_blacklistedtoken
70	Can change blacklisted token	18	change_blacklistedtoken
71	Can delete blacklisted token	18	delete_blacklistedtoken
72	Can view blacklisted token	18	view_blacklistedtoken
73	Can add outstanding token	19	add_outstandingtoken
74	Can change outstanding token	19	change_outstandingtoken
75	Can delete outstanding token	19	delete_outstandingtoken
76	Can view outstanding token	19	view_outstandingtoken
77	Can add reservation	20	add_reservation
78	Can change reservation	20	change_reservation
79	Can delete reservation	20	delete_reservation
80	Can view reservation	20	view_reservation
\.


--
-- Data for Name: authtoken_token; Type: TABLE DATA; Schema: public; Owner: brennam
--

COPY public.authtoken_token (key, created, user_id) FROM stdin;
\.


--
-- Data for Name: django_admin_log; Type: TABLE DATA; Schema: public; Owner: brennam
--

COPY public.django_admin_log (id, action_time, object_id, object_repr, action_flag, change_message, content_type_id, user_id) FROM stdin;
1	2024-12-12 19:23:54.161838+00	5b05c4bd-368a-4e30-8134-b829af83b721	Single Bedroom	1	[{"added": {}}]	13	ac826abe-ab66-4fbd-8e66-e47792b0aaca
2	2024-12-12 19:24:08.587419+00	d180e924-0fac-48ee-9914-0f74c95f7a2d	Double Bedroom	1	[{"added": {}}]	13	ac826abe-ab66-4fbd-8e66-e47792b0aaca
3	2024-12-12 19:31:53.993637+00	da5bb70d-d634-4fd2-af22-a8bdba1a9568	Arcane	1	[{"added": {}}]	16	ac826abe-ab66-4fbd-8e66-e47792b0aaca
4	2024-12-12 19:39:09.73899+00	e6b73c2e-0002-4240-8d78-6a1b6174cca5	Bloodborn	1	[{"added": {}}]	16	ac826abe-ab66-4fbd-8e66-e47792b0aaca
5	2024-12-12 19:42:03.275176+00	9efe39ef-52e0-41d9-bd71-896b18f8fa0b	Haunted	1	[{"added": {}}]	16	ac826abe-ab66-4fbd-8e66-e47792b0aaca
6	2024-12-12 19:47:42.721245+00	a415f4c8-4a9b-4faa-9e4f-924eca0a0ca5	Reborn	1	[{"added": {}}]	16	ac826abe-ab66-4fbd-8e66-e47792b0aaca
7	2024-12-12 19:50:59.862487+00	27bb225f-1a3d-4202-b2cc-2b19129f28c3	Bloodborn Single Bedroom - 2 Beds	1	[{"added": {}}]	15	ac826abe-ab66-4fbd-8e66-e47792b0aaca
8	2024-12-12 19:52:58.773666+00	a5fa012f-0e14-4112-9e9c-b1dbae7a1cad	Bloodborn Single Bedroom - 3 Beds	1	[{"added": {}}]	15	ac826abe-ab66-4fbd-8e66-e47792b0aaca
9	2024-12-12 19:53:53.471292+00	2bdbcec2-8a20-48dc-9944-6eadc35cb2e7	Bloodborn Double Bedroom Deluxe Suite	1	[{"added": {}}]	15	ac826abe-ab66-4fbd-8e66-e47792b0aaca
10	2024-12-12 19:54:47.275271+00	3e1d416a-c1a7-43c0-a0ef-f5cafbd809be	Arcane Single Bedroom - 2 Beds	1	[{"added": {}}]	15	ac826abe-ab66-4fbd-8e66-e47792b0aaca
11	2024-12-12 19:56:36.839354+00	068825d1-4dc6-486a-b60a-0225d2adb9f0	Arcane Single Bedroom - 3 Beds	1	[{"added": {}}]	15	ac826abe-ab66-4fbd-8e66-e47792b0aaca
12	2024-12-12 19:58:32.372727+00	e9a89fa5-c9a9-446a-8f92-f0905c39905a	Arcane Double Bedroom Deluxe Suite	1	[{"added": {}}]	15	ac826abe-ab66-4fbd-8e66-e47792b0aaca
13	2024-12-12 19:59:39.523369+00	55128874-99d8-438b-969f-2349bed7a3b0	Reborn Single Bedroom - 2 Beds	1	[{"added": {}}]	15	ac826abe-ab66-4fbd-8e66-e47792b0aaca
14	2024-12-12 20:00:32.72043+00	0c1474e4-6873-4196-952d-94be1f82e798	Reborn Single Bedroom - 3 Beds	1	[{"added": {}}]	15	ac826abe-ab66-4fbd-8e66-e47792b0aaca
15	2024-12-12 20:01:18.043983+00	8faff864-9d03-4eaa-a512-24007aa7599e	Reborn Double Bedroom Deluxe Suite	1	[{"added": {}}]	15	ac826abe-ab66-4fbd-8e66-e47792b0aaca
16	2024-12-12 20:02:01.721562+00	d693d6a0-a171-4dcc-ae87-29d1b0b18291	Haunted Single Bedroom - 2 Beds	1	[{"added": {}}]	15	ac826abe-ab66-4fbd-8e66-e47792b0aaca
17	2024-12-12 20:02:39.087097+00	eab0973d-ac2a-4a4a-a12b-5c4cc0669d0d	Haunted Single Bedroom - 3 Beds	1	[{"added": {}}]	15	ac826abe-ab66-4fbd-8e66-e47792b0aaca
18	2024-12-12 20:03:26.522146+00	6ba48915-3ddf-4a12-aab5-8f3b91cac7dd	Haunted Double Bedroom Deluxe Suite	1	[{"added": {}}]	15	ac826abe-ab66-4fbd-8e66-e47792b0aaca
\.


--
-- Data for Name: django_content_type; Type: TABLE DATA; Schema: public; Owner: brennam
--

COPY public.django_content_type (id, app_label, model) FROM stdin;
1	admin	logentry
2	auth	permission
3	auth	group
4	contenttypes	contenttype
5	sessions	session
6	authtoken	token
7	authtoken	tokenproxy
8	account	emailaddress
9	account	emailconfirmation
10	socialaccount	socialaccount
11	socialaccount	socialapp
12	socialaccount	socialtoken
13	room	category
14	room	reservation
15	room	room
16	room	wing
17	useraccount	user
18	token_blacklist	blacklistedtoken
19	token_blacklist	outstandingtoken
20	useraccount	reservation
\.


--
-- Data for Name: django_migrations; Type: TABLE DATA; Schema: public; Owner: brennam
--

COPY public.django_migrations (id, app, name, applied) FROM stdin;
1	contenttypes	0001_initial	2024-12-12 19:19:09.824134+00
2	contenttypes	0002_remove_content_type_name	2024-12-12 19:19:10.161817+00
3	auth	0001_initial	2024-12-12 19:19:11.225104+00
4	auth	0002_alter_permission_name_max_length	2024-12-12 19:19:11.427239+00
5	auth	0003_alter_user_email_max_length	2024-12-12 19:19:11.562704+00
6	auth	0004_alter_user_username_opts	2024-12-12 19:19:11.77838+00
7	auth	0005_alter_user_last_login_null	2024-12-12 19:19:11.978322+00
8	auth	0006_require_contenttypes_0002	2024-12-12 19:19:12.174309+00
9	auth	0007_alter_validators_add_error_messages	2024-12-12 19:19:12.37811+00
10	auth	0008_alter_user_username_max_length	2024-12-12 19:19:12.581295+00
11	auth	0009_alter_user_last_name_max_length	2024-12-12 19:19:12.780759+00
12	auth	0010_alter_group_name_max_length	2024-12-12 19:19:13.111377+00
13	auth	0011_update_proxy_permissions	2024-12-12 19:19:13.250078+00
14	auth	0012_alter_user_first_name_max_length	2024-12-12 19:19:13.450198+00
15	useraccount	0001_initial	2024-12-12 19:19:14.715506+00
16	account	0001_initial	2024-12-12 19:19:15.478065+00
17	account	0002_email_max_length	2024-12-12 19:19:15.680863+00
18	account	0003_alter_emailaddress_create_unique_verified_email	2024-12-12 19:19:16.020424+00
19	account	0004_alter_emailaddress_drop_unique_email	2024-12-12 19:19:16.49074+00
20	account	0005_emailaddress_idx_upper_email	2024-12-12 19:19:16.760969+00
21	account	0006_emailaddress_lower	2024-12-12 19:19:17.096758+00
22	account	0007_emailaddress_idx_email	2024-12-12 19:19:17.511286+00
23	account	0008_emailaddress_unique_primary_email_fixup	2024-12-12 19:19:17.781662+00
24	account	0009_emailaddress_unique_primary_email	2024-12-12 19:19:18.05766+00
25	admin	0001_initial	2024-12-12 19:19:18.66645+00
26	admin	0002_logentry_remove_auto_add	2024-12-12 19:19:18.772749+00
27	admin	0003_logentry_add_action_flag_choices	2024-12-12 19:19:18.972387+00
28	authtoken	0001_initial	2024-12-12 19:19:19.561456+00
29	authtoken	0002_auto_20160226_1747	2024-12-12 19:19:19.651129+00
30	authtoken	0003_tokenproxy	2024-12-12 19:19:19.877308+00
31	authtoken	0004_alter_tokenproxy_options	2024-12-12 19:19:20.07726+00
32	room	0001_initial	2024-12-12 19:19:20.614397+00
33	room	0002_initial	2024-12-12 19:19:21.451471+00
34	sessions	0001_initial	2024-12-12 19:19:21.86069+00
35	socialaccount	0001_initial	2024-12-12 19:19:22.843257+00
36	socialaccount	0002_token_max_lengths	2024-12-12 19:19:23.187748+00
37	socialaccount	0003_extra_data_default_dict	2024-12-12 19:19:23.342069+00
38	socialaccount	0004_app_provider_id_settings	2024-12-12 19:19:23.951589+00
39	socialaccount	0005_socialtoken_nullable_app	2024-12-12 19:19:24.510393+00
40	socialaccount	0006_alter_socialaccount_extra_data	2024-12-12 19:19:24.801446+00
41	useraccount	0002_remove_user_name	2024-12-12 19:19:25.079843+00
42	useraccount	0003_user_name	2024-12-12 19:19:25.383317+00
43	useraccount	0004_alter_user_managers_alter_user_avatar_and_more	2024-12-16 22:06:21.83892+00
44	token_blacklist	0001_initial	2024-12-18 20:08:24.992896+00
45	token_blacklist	0002_outstandingtoken_jti_hex	2024-12-18 20:08:25.215111+00
46	token_blacklist	0003_auto_20171017_2007	2024-12-18 20:08:25.504009+00
47	token_blacklist	0004_auto_20171017_2013	2024-12-18 20:08:25.964605+00
48	token_blacklist	0005_remove_outstandingtoken_jti	2024-12-18 20:08:26.253834+00
49	token_blacklist	0006_auto_20171017_2113	2024-12-18 20:08:26.529877+00
50	token_blacklist	0007_auto_20171017_2214	2024-12-18 20:08:27.1791+00
51	token_blacklist	0008_migrate_to_bigautofield	2024-12-18 20:08:28.164264+00
52	token_blacklist	0010_fix_migrate_to_bigautofield	2024-12-18 20:08:28.326122+00
53	token_blacklist	0011_linearizes_history	2024-12-18 20:08:28.529624+00
54	token_blacklist	0012_alter_outstandingtoken_user	2024-12-18 20:08:28.763037+00
55	room	0003_reservation_updated_at_alter_reservation_created_by_and_more	2024-12-19 02:37:42.239471+00
56	useraccount	0005_reservation	2024-12-19 02:37:43.070621+00
\.


--
-- Data for Name: django_session; Type: TABLE DATA; Schema: public; Owner: brennam
--

COPY public.django_session (session_key, session_data, expire_date) FROM stdin;
z06l7zu214m9wdzwoekv75qhyksaurdx	.eJxVjTkOgzAQRe_iOiDwMrbpkotY42EQVhwjsaSJcvdAREP5l_f_RyDRtJU1vHlOQ-I-8AtTFl3Zcr6JgNs6hm3hOaRedIKt1k10XHnlfaVxMJVvyFSupV0AgfRSXLCI9ORysJjzYdfnY_3vnPFS33fFZU2Ea5rK46QuUyMu477joQXwuseGnLUayKJkJEMRGYwEAwiWnWoluFZDHFAZoIGjVw1Gy-L7AzpAULA:1tLolO:loRJxhZNJB0hYjTA25khDNWfCFENg2gvjNt5ag3Ydn4	2024-12-26 19:22:18.804743+00
4czzpatk2b0tp7ss0cmc2tlzyxnicn8h	.eJxVjU0OgyAQhe_CuhocQMBdexEywBhJKSYq3TS9e7Vx4_L9fO99GIYw17K5Ny1pTBQdvTBlNpSa8405rNvk6kqLS5ENjI8qCs95Y_qON1J53xgZVdODsIhKSh2BXTCP4UnlYDHnw27Px_bfOeO1ve-KypYCbmkuj5O6TE24TvsORQ1ayA7IBmW0sKoTOKqOR80NcFCeegtCGkTJLRLS3rZeRACxZ559f-RDT4w:1tLpPf:6_mfyHExIicIyPZVTxtHX_sWFpHTxZ6g0MnVbXwZ8nA	2024-12-26 20:03:55.712571+00
novh2lzdi632zdyw9bxhdqtmx1ripqg6	.eJxVjE0OgjAQhe_StRBa2il1pxchM9NpIJKS2LIy3l0kLHT3_r73UiNudRq3Is9xjuqqkAcDSNIgATQ2UWwG2ZVY74OhDpFRXX4xQn5IPthl-cYtMq9bru2xOevS3nYnuc6MdV7z_aT-riYs0_7DvabBg7aMZFJIkrTGGDw7DdZh6p03BB0EYaO91aFLDOBc8mBMpF69P9BfRho:1tLpcs:OX-Xzxuei49tSTW3l52kS9KJTmFuyd4uslJt2IzO7cg	2024-12-26 20:17:34.313856+00
or4bzbv2476ef7kru0jonw1byjmvx0i7	.eJxVjE0OgjAQhe_StRBa2il1pxchM9NpIJKS2LIy3l0kLHT3_r73UiNudRq3Is9xjuqqkAcDSNIgATQ2UWwG2ZVY74OhDpFRXX4xQn5IPthl-cYtMq9bru2xOevS3nYnuc6MdV7z_aT-riYs0_7DvabBg7aMZFJIkrTGGDw7DdZh6p03BB0EYaO91aFLDOBc8mBMpF69P9BfRho:1tLpih:qZfh4k8E1sSzxYRKeYgtiABODpS9RTtLb6nFyy33_YE	2024-12-26 20:23:35.506643+00
4h9sjpxkk0kiw93coo0jj6vvanu809ra	.eJxVjksOwyAMBe_CuokgQMDZtRdBxoCCSomUTzdV715aZdOl7Znn92JItBx1d8-45pRjcPGBubCpHqVcmMNjn92xxdXlwCYGQg58wNRJI0SnEsgOKIguWA9krNUQOPvTPNI91q-LpXzX_fmx_zHneeuvbYp1z4R7XurttP6iZtzmlmOS5WZUgjxyPZI24xANghYWrOeInBSoBrR2SXLhAykJAQdNjZGRs_cH_axPsQ:1tLplF:xy0QSuyFTmCW92yt9YzidhuKjkNrnqD6j6NPDxB4qFA	2024-12-26 20:26:13.168139+00
hk3yj3r4gxx0rolbbw1svm89hu5y6dpz	.eJxVjE0OgjAQhe_StRBa2il1pxchM9NpIJKS2LIy3l0kLHT3_r73UiNudRq3Is9xjuqqkAcDSNIgATQ2UWwG2ZVY74OhDpFRXX4xQn5IPthl-cYtMq9bru2xOevS3nYnuc6MdV7z_aT-riYs0_7DvabBg7aMZFJIkrTGGDw7DdZh6p03BB0EYaO91aFLDOBc8mBMpF69P9BfRho:1tLpme:Be3ER5sXPro5dsMDHuTrhRfDwgwLMI1fR2FjacwZcUs	2024-12-26 20:27:40.438209+00
s9auwhnmjttex6hs3b50rq2skkguyrx5	.eJxVjkEOgyAQRe_CuphBQJju2ouYYYBoajCpuGp692Ljol3-mfd-_kuMtNdp3Lf0HOcorgKV7qGnLLVTSpqMWiJHJaMPyM57ixHE5VcLxI9UDpeW5Th3xLzupXZf5nxv3a2lVOrMVOe13E_rr2qibWo9Lntwg1EcCOzA1g19coRWefQBiIANmga0dVmDCpGNxki95cboBOL9AahFREs:1tLpuu:QXFZcKPcjMQszwXcl9niEVE3SfCF5Vz3wGtV7SjWMA4	2024-12-26 20:36:12.703169+00
zzpdhotf1cr0o0ivkefpp9nokr7mo3ti	.eJxVjE0OgjAQhe_StRBa2il1pxchM9NpIJKS2LIy3l0kLHT3_r73UiNudRq3Is9xjuqqkAcDSNIgATQ2UWwG2ZVY74OhDpFRXX4xQn5IPthl-cYtMq9bru2xOevS3nYnuc6MdV7z_aT-riYs0_7DvabBg7aMZFJIkrTGGDw7DdZh6p03BB0EYaO91aFLDOBc8mBMpF69P9BfRho:1tLq5g:RwtBREJlZaoyYYt3F1v5ZwZRFM4IChih4kPGVFsp6IA	2024-12-26 20:47:20.080803+00
nrmimdt1kujiqef3t2iekfc3xqfr0wlr	.eJxVjE0OgjAQRu_StSW0pR3qTi9CptOZQCQlkbIy3l0wLHT5_bz3UgNudRy2lZ_DlNVV-VZ6jBQ1gBXdtcw69clrDCawdTEkZ9XlF0tIDy4Hi_N81A0SLVupzfdzzmtz2xOXOhHWaSn3k_pTjbiOuyc7iD0AexYTCBly7KI3kiNZEOM6SQwYQcg7ByKY2LBB9sHbgITq_QEpCUZ0:1tLqDo:LMU0jONtTkhiVlprKr6kFAQDlHU8Qy9X0BrG8Vn34oQ	2024-12-26 20:55:44.379888+00
3fr1r5iye6zxb0d7p1e120xutcxgujdl	.eJxVjE0OgjAQRu_StSW0pR3qTi9CptOZQCQlkbIy3l0wLHT5_bz3UgNudRy2lZ_DlNVV-VZ6jBQ1gBXdtcw69clrDCawdTEkZ9XlF0tIDy4Hi_N81A0SLVupzfdzzmtz2xOXOhHWaSn3k_pTjbiOuyc7iD0AexYTCBly7KI3kiNZEOM6SQwYQcg7ByKY2LBB9sHbgITq_QEpCUZ0:1tLrG3:fHrmURQOmRZC_GQ4o72q3Y2nt0C1UFP0z_HNZZixBA4	2024-12-26 22:02:07.891181+00
daqrkgvu3v19216gyjbunlvyg6inaj1j	.eJxVjE0OgjAQRu_StSW0pR3qTi9CptOZQCQlkbIy3l0wLHT5_bz3UgNudRy2lZ_DlNVV-VZ6jBQ1gBXdtcw69clrDCawdTEkZ9XlF0tIDy4Hi_N81A0SLVupzfdzzmtz2xOXOhHWaSn3k_pTjbiOuyc7iD0AexYTCBly7KI3kiNZEOM6SQwYQcg7ByKY2LBB9sHbgITq_QEpCUZ0:1tLrfd:MNTm-Zqipy6tYUL0JPtd5LK7P8xwLdKgNSu5JpYravg	2024-12-26 22:28:33.004685+00
hxjcduo4ho7kmonq14h24jdgbh2tqpdk	.eJxVjE0OgjAQRu_StSW0pR3qTi9CptOZQCQlkbIy3l0wLHT5_bz3UgNudRy2lZ_DlNVV-VZ6jBQ1gBXdtcw69clrDCawdTEkZ9XlF0tIDy4Hi_N81A0SLVupzfdzzmtz2xOXOhHWaSn3k_pTjbiOuyc7iD0AexYTCBly7KI3kiNZEOM6SQwYQcg7ByKY2LBB9sHbgITq_QEpCUZ0:1tLrgg:kU4lsCEEg-c8a4-A-8R9rnpDuj01R70fk3f52ODoi-Y	2024-12-26 22:29:38.960794+00
78jexazgrzzoe6epedgcbvtm3rkwdlm0	.eJxVjE0OgjAQRu_StSW0pR3qTi9CptOZQCQlkbIy3l0wLHT5_bz3UgNudRy2lZ_DlNVV-VZ6jBQ1gBXdtcw69clrDCawdTEkZ9XlF0tIDy4Hi_N81A0SLVupzfdzzmtz2xOXOhHWaSn3k_pTjbiOuyc7iD0AexYTCBly7KI3kiNZEOM6SQwYQcg7ByKY2LBB9sHbgITq_QEpCUZ0:1tLrgx:SG1aTvekX-U4X28e1WeXiIWDneB2FmWf8GobzBruTtQ	2024-12-26 22:29:55.215687+00
222920yj5cxomnb069equaw3595ch35b	.eJxVjE0OgjAQRu_StSW0pR3qTi9CptOZQCQlkbIy3l0wLHT5_bz3UgNudRy2lZ_DlNVV-VZ6jBQ1gBXdtcw69clrDCawdTEkZ9XlF0tIDy4Hi_N81A0SLVupzfdzzmtz2xOXOhHWaSn3k_pTjbiOuyc7iD0AexYTCBly7KI3kiNZEOM6SQwYQcg7ByKY2LBB9sHbgITq_QEpCUZ0:1tLsV8:llBSYgzMUa-fA_NsZbeeNTnVWxrhOlebGhym3HdrZ9E	2024-12-26 23:21:46.674512+00
iyn6xe3xym1jy71u7qupb2a7vhjgdrbn	.eJxVjksOwjAMBe-SNa3a_MMOLhI5tqNGhCDRlg3i7hTUTZd-fjP2WwDiY21LfPGz5MIU-Q6linNbaz2JCOsyxXXmZywkzsJ6dio510mQ1Gkwpgs5U6fSwBYp42idOGAJ8Mbtx0Ktv7jfL_b_zr6e-8s2cVsKwlIe7bpTB9UE87R5MCBoheSD4sDOyGCCy0GNo8kGJVjv_fYJe611Ik8mWUtjYj9IStkp8fkCyOlRtg:1tLtBo:PYyxNKqxJQc8n_ijUAUhfVNXii_jVFl_1azd95JKmf8	2024-12-27 00:05:52.681757+00
gbouqhibt5fibtx25uvwylattv3l514a	.eJxVjcsOgjAQRf-layFMmT5gpz_STNtpaKwlEXBj_HeVsGF5H-fet6AQ5q2u7sXPnDJHxw_KRYx1K-UiHG3r5LaFny5HMQryAxBHbIxibBAgNh4DNErKXnWqh2CMOGGewp3rzpbyt9vjsd07R7y015_iuuZAa57r7aBOUxMt03_HDF3SMZikpQYrBwRGG3udKEXtTSJvKelgQCJKq0D3SnFUbDuJzEl8vjo5UJY:1tLtEr:zqSM17g2DD1KolB0qMaNM0d9ar7dUSxb0WfhkjU4hG0	2024-12-27 00:09:01.209719+00
bxbhnbh0mu7il5xcooyrns01jyqqwqa9	.eJxVjsEOwiAQRP-Fs22ggFBv-iNkd1lSImLSFi_Gf7c1vXiZZHf2zc5bANGz1TW8eM4pcwz8gFzEpbZSTiJAW6fQFp5DjuIinHbW-whdQps645XqEAE7HMEo2NT6JP4wBLpz3VkoZV_3x8f-d3PYS3_dJq5rJljzs94O6i9qgmXacuSQ3Ki1ceeBiCPIrZFWZ0CUrCLZIXmvRm2k0xSNVNFah4gRLdPA4MXnC80WUaI:1tLtyi:A_Cesc4W-ISDlBA8YqWah7LfUORFy13mnLlZZQlm9xI	2024-12-27 00:56:24.344713+00
ljtjppswgk7672mvu7v32oe7379mmbms	.eJxVjUGOwyAMRe_CehJBwIC7m7kIcoyjoGGo1CTdVL17k1E22dn-_z2_FDHft7ampzzKVCQn-aNS1a1ttX6pRNs6p22RRypZ3RSOBIgmdsEa6pyR3JEP0IELCBgma4esLthI_CvtYKnW49yfH_v_zhkv_fe-SVsL01ru7eekLqqZlnn3aBsZA3JkP1kDHkcNDNqBaOuN4Qgucs4ugBbxOMTBG4igJy376Ef1_gDYRE7c:1tLu1l:Xib-kNkN1cf8qjx1-YWz797Vah36GWceF-HnrWP4Gc4	2024-12-27 00:59:33.925814+00
0vtf0ncuybbjmlsuz7ac4iaid7hx76pp	.eJxVjcsOwiAQRf-FtW0oDAju9EfIMAwpETHpw43x321NNy7v49z7Fkj0XNsSXjyVXDgFfmCp4tLWWk8i4LqMYZ15CiWJiyDwOWWfuiEr3YEk7rwn22lPUjqUmpMUf1hEunPbWax1t_vjsf91jnjur5vithTCpTzb7aD-pkacx22HAbI3jqw5g7RIEGMkB9YZNFl5zgNbqZTSNgOBYnAK2QwxGjhrSUZ8vp9lUMQ:1tMEcl:qrvlp6d2688NV230TJosRRlTUp7f-R02z7-XemWQrpE	2024-12-27 22:59:07.595753+00
2p2bjhr3kw2s29dd0ad99ersp059k0nj	.eJxVjc1uwyAQhN-Fc21hoHiTW_oiaNhdZFRKpNjuJcq7N6l8yXF-vpm7AfN171v61VstVSXpD2oz57639mES9m1J-6q3VMWcTYG3Ip8Yss48BE88UIAfEKI4xNlFO5k3LIO_tb9YtPayx-Nx_O8c8Tpenkr7Vhlbvfavg3qbWrAuzx0XshNri5QpWzfDh1PxhEAUTiTOycRiwQi-UA7ZxsiWoqeoiKyYzeMPnR9RMw:1tMFHb:384UUunKKYsL4GkHAyqKAX6PMxfgNfm-esdf17HL5-0	2024-12-27 23:41:19.426159+00
weijvp17i1gzby95ftqcswom4ofy4l64	.eJxVjE0OgjAQhe_StRBa2il1pxchM9NpIJKS2LIy3l0kLHT3_r73UiNudRq3Is9xjuqqkAcDSNIgATQ2UWwG2ZVY74OhDpFRXX4xQn5IPthl-cYtMq9bru2xOevS3nYnuc6MdV7z_aT-riYs0_7DvabBg7aMZFJIkrTGGDw7DdZh6p03BB0EYaO91aFLDOBc8mBMpF69P9BfRho:1tNkDF:3MgydxEtygR4vCghqWQbmFiseHpXuOdbT2c6Eju8s30	2025-01-01 02:55:01.225986+00
\.


--
-- Data for Name: room_category; Type: TABLE DATA; Schema: public; Owner: brennam
--

COPY public.room_category (id, name, description) FROM stdin;
5b05c4bd-368a-4e30-8134-b829af83b721	Single Bedroom	A Single Bedroom Chamber.
d180e924-0fac-48ee-9914-0f74c95f7a2d	Double Bedroom	A Double Bedroom Chamber.
\.


--
-- Data for Name: room_reservation; Type: TABLE DATA; Schema: public; Owner: brennam
--

COPY public.room_reservation (id, start_date, end_date, number_of_nights, guests, total_price, created_at, created_by_id, room_id, updated_at) FROM stdin;
a44d095c-3915-4059-bfd9-2ee01399dd9c	2024-12-12	2024-12-12	1	1	157.5	2024-12-12 20:30:40.299143+00	913202af-3711-4f93-9cd1-d8b9c78859d0	27bb225f-1a3d-4202-b2cc-2b19129f28c3	2024-12-19 02:37:41.888081+00
2c2bf8e7-69a9-407b-85d5-7efa6b1c5a44	2024-12-13	2024-12-14	1	1	420	2024-12-12 22:30:04.406087+00	50f8a9c9-772f-40ee-b8b5-a616e2396b32	2bdbcec2-8a20-48dc-9944-6eadc35cb2e7	2024-12-19 02:37:41.888081+00
a22070bc-2a48-4184-bcb2-b2ea647ebb79	2025-04-04	2025-04-06	2	1	525	2024-12-13 00:50:41.493698+00	ab91aed4-75e4-411d-b4c1-522350531c77	068825d1-4dc6-486a-b60a-0225d2adb9f0	2024-12-19 02:37:41.888081+00
4156abdd-14f6-451b-84b6-541c366fe91e	2024-12-12	2024-12-12	1	1	157.5	2024-12-13 00:57:05.28522+00	737588da-fb5f-4811-bbab-b9a41ab9a58f	27bb225f-1a3d-4202-b2cc-2b19129f28c3	2024-12-19 02:37:41.888081+00
b2bbfb04-ac31-48f1-acb6-3d367d4811cd	2024-12-12	2024-12-12	1	1	262.5	2024-12-13 00:59:54.848359+00	9ba59918-731a-41ed-a675-5479597f332d	a5fa012f-0e14-4112-9e9c-b1dbae7a1cad	2024-12-19 02:37:41.888081+00
dcbca1bf-7168-4acd-a328-e9eda8583b39	2024-12-15	2024-12-16	1	1	157.5	2024-12-13 22:59:32.168059+00	c49fdf9d-1f23-40ce-99c6-39c008a03ed0	3e1d416a-c1a7-43c0-a0ef-f5cafbd809be	2024-12-19 02:37:41.888081+00
23864589-01a1-44d0-b603-be2c33783779	2024-12-13	2024-12-13	1	1	262.5	2024-12-13 23:37:42.790378+00	737588da-fb5f-4811-bbab-b9a41ab9a58f	0c1474e4-6873-4196-952d-94be1f82e798	2024-12-19 02:37:41.888081+00
4b44afc7-4a79-48de-b4a7-00bcb8a4bb10	2024-12-13	2024-12-13	1	1	157.5	2024-12-13 23:41:46.180387+00	fa30dd5a-be7c-438c-84a3-a46d2a672601	d693d6a0-a171-4dcc-ae87-29d1b0b18291	2024-12-19 02:37:41.888081+00
50071065-4924-42ff-8e40-d2ee77d42147	2024-12-17	2024-12-17	1	1	157.5	2024-12-18 02:55:17.45875+00	ac826abe-ab66-4fbd-8e66-e47792b0aaca	3e1d416a-c1a7-43c0-a0ef-f5cafbd809be	2024-12-19 02:37:41.888081+00
50bfd3b5-cfef-48b6-a7aa-6a5e3f8e12e1	2024-12-24	2024-12-29	5	2	750	2024-12-19 00:25:19.205656+00	ac826abe-ab66-4fbd-8e66-e47792b0aaca	d693d6a0-a171-4dcc-ae87-29d1b0b18291	2024-12-19 02:37:41.888081+00
69af53d9-954d-44d4-a95b-ec50af061550	2025-01-17	2025-01-22	5	1	750	2024-12-19 01:15:45.096661+00	ac826abe-ab66-4fbd-8e66-e47792b0aaca	3e1d416a-c1a7-43c0-a0ef-f5cafbd809be	2024-12-19 02:37:41.888081+00
fad61f7b-6653-4976-abc3-345c971bdc8c	2025-04-25	2025-04-27	2	2	500	2024-12-19 01:44:26.693183+00	ac826abe-ab66-4fbd-8e66-e47792b0aaca	068825d1-4dc6-486a-b60a-0225d2adb9f0	2024-12-19 02:37:41.888081+00
\.


--
-- Data for Name: room_room; Type: TABLE DATA; Schema: public; Owner: brennam
--

COPY public.room_room (id, title, description, price_per_night, beds, bedrooms, bathrooms, guests, image, created_at, category_id, wing_id) FROM stdin;
27bb225f-1a3d-4202-b2cc-2b19129f28c3	Bloodborn Single Bedroom - 2 Beds	Located on all three floors, these are the most affordable chambers within The Cryptwell Castle Resort. In addition to two regular beds, this room also provides a trundle bed to accommodate up to four Guests without extra charge. Guests have the choice of enjoying breakfast in their room or at The Veiled Board. Housed within the Bloodborn Wing.	150	2	1	1	4	uploads/rooms/vampire-room-1.1.png	2024-12-12 19:50:59.782267+00	5b05c4bd-368a-4e30-8134-b829af83b721	e6b73c2e-0002-4240-8d78-6a1b6174cca5
a5fa012f-0e14-4112-9e9c-b1dbae7a1cad	Bloodborn Single Bedroom - 3 Beds	Located on all three floors, these chambers provide an affordable, yet flexible room style. In addition to three regular beds, this room also provides a trundle bed to accommodate up to four Guests without extra charge. These rooms have a bedroom and a separate living room. Guests have the choice of enjoying breakfast in their room or at The Veiled Board. Housed within the Bloodborn Wing.	250	3	1	1	6	uploads/rooms/vampire-room-2.png	2024-12-12 19:52:58.705124+00	5b05c4bd-368a-4e30-8134-b829af83b721	e6b73c2e-0002-4240-8d78-6a1b6174cca5
2bdbcec2-8a20-48dc-9944-6eadc35cb2e7	Bloodborn Double Bedroom Deluxe Suite	Located on the uppermost third floor, these are the most luxurious chambers The Cryptwell Castle Resort has to offer. Lavishly furnished, this spacious suite has a living room, dining room, a master bedroom with a king-sized bed and an Air Jet Bath, and a second bedroom with two queen-sized beds and a shower booth.  There’s also an alcove bed in the recess of the living room. Guests have the choice of enjoying breakfast in their room or at The Veiled Board. Housed within the Bloodborn Wing.	400	3	2	2	8	uploads/rooms/vampire-room-3.2.png	2024-12-12 19:53:53.402831+00	d180e924-0fac-48ee-9914-0f74c95f7a2d	e6b73c2e-0002-4240-8d78-6a1b6174cca5
3e1d416a-c1a7-43c0-a0ef-f5cafbd809be	Arcane Single Bedroom - 2 Beds	Located on all three floors, these are the most affordable chambers within The Cryptwell Castle Resort. In addition to two regular beds, this room also provides a trundle bed to accommodate up to four Guests without extra charge. Guests have the choice of enjoying breakfast in their room or at The Veiled Board. Housed within the Arcane Wing.	150	2	1	1	4	uploads/rooms/witches-room-1.png	2024-12-12 19:54:47.207722+00	5b05c4bd-368a-4e30-8134-b829af83b721	da5bb70d-d634-4fd2-af22-a8bdba1a9568
068825d1-4dc6-486a-b60a-0225d2adb9f0	Arcane Single Bedroom - 3 Beds	Located on all three floors, these chambers provide an affordable, yet flexible room style. In addition to three regular beds, this room also provides a trundle bed to accommodate up to four Guests without extra charge. These rooms have a bedroom and a separate living room. Guests have the choice of enjoying breakfast in their room or at The Veiled Board. Housed within the Arcane Wing.	250	3	1	1	6	uploads/rooms/witches-room-2.png	2024-12-12 19:56:36.770037+00	5b05c4bd-368a-4e30-8134-b829af83b721	da5bb70d-d634-4fd2-af22-a8bdba1a9568
e9a89fa5-c9a9-446a-8f92-f0905c39905a	Arcane Double Bedroom Deluxe Suite	Located on the uppermost third floor, these are the most luxurious chambers The Cryptwell Castle Resort has to offer. Lavishly furnished, this spacious suite has a living room, dining room, a master bedroom with a king-sized bed and an Air Jet Bath, and a second bedroom with two queen-sized beds and a shower booth.  There’s also an alcove bed in the recess of the living room. Guests have the choice of enjoying breakfast in their room or at The Veiled Board. Housed within the Arcane Wing.	400	3	2	2	8	uploads/rooms/witches-room-3.2.png	2024-12-12 19:58:32.306278+00	d180e924-0fac-48ee-9914-0f74c95f7a2d	da5bb70d-d634-4fd2-af22-a8bdba1a9568
55128874-99d8-438b-969f-2349bed7a3b0	Reborn Single Bedroom - 2 Beds	Located on all three floors, these are the most affordable chambers within The Cryptwell Castle Resort. In addition to two regular beds, this room also provides a trundle bed to accommodate up to four Guests without extra charge. Guests have the choice of enjoying breakfast in their room or at The Veiled Board. Housed within the Reborn Wing.	150	2	1	1	4	uploads/rooms/haunted-hotel-frankenstein-wing-bedroom-2.png	2024-12-12 19:59:39.456786+00	5b05c4bd-368a-4e30-8134-b829af83b721	a415f4c8-4a9b-4faa-9e4f-924eca0a0ca5
0c1474e4-6873-4196-952d-94be1f82e798	Reborn Single Bedroom - 3 Beds	Located on all three floors, these chambers provide an affordable, yet flexible room style. In addition to three regular beds, this room also provides a trundle bed to accommodate up to four Guests without extra charge. These rooms have a bedroom and a separate living room. Guests have the choice of enjoying breakfast in their room or at The Veiled Board. Housed within the Reborn Wing.	250	3	1	1	6	uploads/rooms/haunted-hotel-frankenstein-wing-bedroom-3.png	2024-12-12 20:00:32.646492+00	5b05c4bd-368a-4e30-8134-b829af83b721	a415f4c8-4a9b-4faa-9e4f-924eca0a0ca5
8faff864-9d03-4eaa-a512-24007aa7599e	Reborn Double Bedroom Deluxe Suite	Located on the uppermost third floor, these are the most luxurious chambers The Cryptwell Castle Resort has to offer. Lavishly furnished, this spacious suite has a living room, dining room, a master bedroom with a king-sized bed and an Air Jet Bath, and a second bedroom with two queen-sized beds and a shower booth.  There’s also an alcove bed in the recess of the living room. Guests have the choice of enjoying breakfast in their room or at The Veiled Board. Housed within the Reborn Wing.	400	3	2	2	8	uploads/rooms/haunted-hotel-frankenstein-wing-bedroom-4.2.png	2024-12-12 20:01:17.976531+00	d180e924-0fac-48ee-9914-0f74c95f7a2d	a415f4c8-4a9b-4faa-9e4f-924eca0a0ca5
d693d6a0-a171-4dcc-ae87-29d1b0b18291	Haunted Single Bedroom - 2 Beds	Located on all three floors, these are the most affordable chambers within The Cryptwell Castle Resort. In addition to two regular beds, this room also provides a trundle bed to accommodate up to four Guests without extra charge. Guests have the choice of enjoying breakfast in their room or at The Veiled Board. Housed within the Haunted Wing.	150	2	1	1	4	uploads/rooms/ghosts-wing-room-1.png	2024-12-12 20:02:01.65372+00	5b05c4bd-368a-4e30-8134-b829af83b721	9efe39ef-52e0-41d9-bd71-896b18f8fa0b
eab0973d-ac2a-4a4a-a12b-5c4cc0669d0d	Haunted Single Bedroom - 3 Beds	Located on all three floors, these chambers provide an affordable, yet flexible room style. In addition to three regular beds, this room also provides a trundle bed to accommodate up to four Guests without extra charge. These rooms have a bedroom and a separate living room. Guests have the choice of enjoying breakfast in their room or at The Veiled Board. Housed within the Haunted Wing.	250	3	1	1	6	uploads/rooms/ghosts-wing-room-2.png	2024-12-12 20:02:39.017654+00	5b05c4bd-368a-4e30-8134-b829af83b721	9efe39ef-52e0-41d9-bd71-896b18f8fa0b
6ba48915-3ddf-4a12-aab5-8f3b91cac7dd	Haunted Double Bedroom Deluxe Suite	Located on the uppermost third floor, these are the most luxurious chambers The Cryptwell Castle Resort has to offer. Lavishly furnished, this spacious suite has a living room, dining room, a master bedroom with a king-sized bed and an Air Jet Bath, and a second bedroom with two queen-sized beds and a shower booth.  There’s also an alcove bed in the recess of the living room. Guests have the choice of enjoying breakfast in their room or at The Veiled Board. Housed within the Haunted Wing.	400	3	2	2	8	uploads/rooms/ghosts-wing-room-3.2.png	2024-12-12 20:03:26.455121+00	d180e924-0fac-48ee-9914-0f74c95f7a2d	9efe39ef-52e0-41d9-bd71-896b18f8fa0b
\.


--
-- Data for Name: room_wing; Type: TABLE DATA; Schema: public; Owner: brennam
--

COPY public.room_wing (id, name, image, description) FROM stdin;
da5bb70d-d634-4fd2-af22-a8bdba1a9568	Arcane	uploads/rooms/arcane.png	Enter the Wing of the Arcane, where the air crackles with ancient power and secrets older than time itself. Flickering candles illuminate shelves lined with weathered tomes, vials of mysterious potions, and artifacts pulsing with otherworldly energy. Here, witches weave their spells, and eldritch enchantments twist reality into the fantastical and the forbidden. Them walls hum with whispers of incantations, and the scent of herbs and burning incense fills the air. In this shadowed sanctuary, magic is not merely practiced-it is alive. Cross the threshold, and discover a world where the extraordinary is ordinary, and the impossible becomes reality.
e6b73c2e-0002-4240-8d78-6a1b6174cca5	Bloodborn	uploads/rooms/sanguine.png	Step into the shadowed elegance of the Bloodborn Wing, where time stands still, and the night is eternal. Crimson hues drape the walls, illuminated by the soft glow of candelabras, casting fleeting shadows that dance like whispers of forgotten tales. Here, the allure of immortality lingers in every corner, and the air is thick with the scent of mystery and indulgence. Within this haven, vampires find solace and mortals find temptation, as the boundaries between life and eternity are blurred. Dare to enter, and discover a sanctuary where darkness is not feared-it is revered.
9efe39ef-52e0-41d9-bd71-896b18f8fa0b	Haunted	uploads/rooms/haunted.png	Venture into the Wing of the Haunted, a spectral realm where the veil between the living and the departed grows thin. Echoing hallways shimmer with fleeting apparitions, and the faint murmur of ghostly whispers lingers in the air. Each room tells a story, etched in the cracks of aged walls and the creak of ancient floorboards, as restless spirits drift endlessly through their eternal domain. This is a place where the past is ever-present, and every shadow holds a secret. Step carefully, for in the Wing of the Haunted, you are never truly alone.
a415f4c8-4a9b-4faa-9e4f-924eca0a0ca5	Reborn	uploads/rooms/reborn.png	Dare to step into the Wing of the Reborn, a domain where the boundaries of life and death are twisted and reshaped by the spark of forbidden science. Flickering lightning illuminates shadowed halls, casting stark reflections off metal instruments and glass chambers that hold unspeakable creations. The faint hum of machinery echoes through the air, mingling with the rhythmic drip of unknown substances and the distant crackle of electric currents. Here, in the macabre laboratory of horrors, life is not granted-it is stolen, reforged, and reanimated. Brace yourself, for in the Wing of the Reborn, the line between genius and madness is razor-thin.
\.


--
-- Data for Name: socialaccount_socialaccount; Type: TABLE DATA; Schema: public; Owner: brennam
--

COPY public.socialaccount_socialaccount (id, provider, uid, last_login, date_joined, extra_data, user_id) FROM stdin;
\.


--
-- Data for Name: socialaccount_socialapp; Type: TABLE DATA; Schema: public; Owner: brennam
--

COPY public.socialaccount_socialapp (id, provider, name, client_id, secret, key, provider_id, settings) FROM stdin;
\.


--
-- Data for Name: socialaccount_socialtoken; Type: TABLE DATA; Schema: public; Owner: brennam
--

COPY public.socialaccount_socialtoken (id, token, token_secret, expires_at, account_id, app_id) FROM stdin;
\.


--
-- Data for Name: token_blacklist_blacklistedtoken; Type: TABLE DATA; Schema: public; Owner: brennam
--

COPY public.token_blacklist_blacklistedtoken (id, blacklisted_at, token_id) FROM stdin;
\.


--
-- Data for Name: token_blacklist_outstandingtoken; Type: TABLE DATA; Schema: public; Owner: brennam
--

COPY public.token_blacklist_outstandingtoken (id, token, created_at, expires_at, user_id, jti) FROM stdin;
1	eyJhbGciOiJIUzUxMiIsInR5cCI6IkpXVCJ9.eyJ0b2tlbl90eXBlIjoicmVmcmVzaCIsImV4cCI6MTczNTE1NzM0MSwiaWF0IjoxNzM0NTUyNTQxLCJqdGkiOiI0ZDY1N2FhY2UzNWU0NWI2OTQwODBkZTQ1NjlkYTkxNyIsInVzZXJfaWQiOiJhYzgyNmFiZS1hYjY2LTRmYmQtOGU2Ni1lNDc3OTJiMGFhY2EifQ.Fr_dF2aUt9yJF_xLlm1paPNADtS1zXcyAdytlFiMAytvlkaVh-mRtKj25rS8AL3E1II5cIWA8yZm1adewZ-SDA	2024-12-18 20:09:01.506488+00	2024-12-25 20:09:01+00	ac826abe-ab66-4fbd-8e66-e47792b0aaca	4d657aace35e45b694080de4569da917
2	eyJhbGciOiJIUzUxMiIsInR5cCI6IkpXVCJ9.eyJ0b2tlbl90eXBlIjoicmVmcmVzaCIsImV4cCI6MTczNTE1NzQ2OSwiaWF0IjoxNzM0NTUyNjY5LCJqdGkiOiIzYjc0MGFjY2YwZGQ0MjYxYjM2ZjVhY2ZkN2I1NjYzOCIsInVzZXJfaWQiOiJhYzgyNmFiZS1hYjY2LTRmYmQtOGU2Ni1lNDc3OTJiMGFhY2EifQ.zYbJNClkd5dmeuh8YvCLRu6706Xo2Rd_WyVvjbhgfANYfh38aUTEpkKtEkXW8i_SrZ_qrU9xJx7zaBDQvP8xpA	2024-12-18 20:11:09.022475+00	2024-12-25 20:11:09+00	ac826abe-ab66-4fbd-8e66-e47792b0aaca	3b740accf0dd4261b36f5acfd7b56638
3	eyJhbGciOiJIUzUxMiIsInR5cCI6IkpXVCJ9.eyJ0b2tlbl90eXBlIjoicmVmcmVzaCIsImV4cCI6MTczNTE1Nzg2MywiaWF0IjoxNzM0NTUzMDYzLCJqdGkiOiI1YWI4NTIxYTA2YmM0ZDQxODFjNDljMTE4ZTQ0Y2M2ZCIsInVzZXJfaWQiOiJhYzgyNmFiZS1hYjY2LTRmYmQtOGU2Ni1lNDc3OTJiMGFhY2EifQ.zrEjTyfKuQGDczqYtc3wQztWSaoahZjzJogV4xc7qF2CPIZf6_-FPG9GdVqhPqpFrpsNXFBtBlQiCpumKYNeRw	2024-12-18 20:17:43.024337+00	2024-12-25 20:17:43+00	ac826abe-ab66-4fbd-8e66-e47792b0aaca	5ab8521a06bc4d4181c49c118e44cc6d
4	eyJhbGciOiJIUzUxMiIsInR5cCI6IkpXVCJ9.eyJ0b2tlbl90eXBlIjoicmVmcmVzaCIsImV4cCI6MTczNTE1ODA5OSwiaWF0IjoxNzM0NTUzMjk5LCJqdGkiOiI0Y2Y0NGUxOGYzYzk0NjYzYTlkYjhmODRhOTdlNWE5YyIsInVzZXJfaWQiOiJhYzgyNmFiZS1hYjY2LTRmYmQtOGU2Ni1lNDc3OTJiMGFhY2EifQ.kh9uuskibT994OPr43Ud9WXCkg4yaRNN949HeFqMoh7JgunLf2Xxy6nAb6jllnthpbG3hnpaGlq7jXTHy-PlQQ	2024-12-18 20:21:39.387587+00	2024-12-25 20:21:39+00	ac826abe-ab66-4fbd-8e66-e47792b0aaca	4cf44e18f3c94663a9db8f84a97e5a9c
5	eyJhbGciOiJIUzUxMiIsInR5cCI6IkpXVCJ9.eyJ0b2tlbl90eXBlIjoicmVmcmVzaCIsImV4cCI6MTczNTE1ODE4NSwiaWF0IjoxNzM0NTUzMzg1LCJqdGkiOiJjZDA3ZGRkMTBiODY0NzU5ODQyZTA1M2RkYzc3YmU1NiIsInVzZXJfaWQiOiJhYzgyNmFiZS1hYjY2LTRmYmQtOGU2Ni1lNDc3OTJiMGFhY2EifQ.jfAYDlZrCLw6bbBcfbGTilOttxFajfgypZtH1XuQOtkParUUBWd3__FfYGX_fX4sienuH-cHVPp_YUljTlqC0g	2024-12-18 20:23:05.27364+00	2024-12-25 20:23:05+00	ac826abe-ab66-4fbd-8e66-e47792b0aaca	cd07ddd10b864759842e053ddc77be56
6	eyJhbGciOiJIUzUxMiIsInR5cCI6IkpXVCJ9.eyJ0b2tlbl90eXBlIjoicmVmcmVzaCIsImV4cCI6MTczNTE1ODM5OSwiaWF0IjoxNzM0NTUzNTk5LCJqdGkiOiIxYzJlZTVmMTcxNjI0YjRjOTJhNzg3MTk4M2ZmY2IzOSIsInVzZXJfaWQiOiJhYzgyNmFiZS1hYjY2LTRmYmQtOGU2Ni1lNDc3OTJiMGFhY2EifQ.EiKCvEUNrIOHvaWlJVp6wUjmHHSEfR5KOS-7DTUqPWVHlnMxJQE2LyEVgJpVXHkiWEAx9p0xxxHcO_E0RzlEog	2024-12-18 20:26:39.437445+00	2024-12-25 20:26:39+00	ac826abe-ab66-4fbd-8e66-e47792b0aaca	1c2ee5f171624b4c92a7871983ffcb39
7	eyJhbGciOiJIUzUxMiIsInR5cCI6IkpXVCJ9.eyJ0b2tlbl90eXBlIjoicmVmcmVzaCIsImV4cCI6MTczNTE1ODY2MSwiaWF0IjoxNzM0NTUzODYxLCJqdGkiOiI3MGUyNWRlOWJhZDk0OWUyYjI2NzRjN2IwYjYyMjY5OSIsInVzZXJfaWQiOiJhYzgyNmFiZS1hYjY2LTRmYmQtOGU2Ni1lNDc3OTJiMGFhY2EifQ.e2ry2MkrWiBCmHHan6WLzUKv9zqJ4Atk4ezwqXXhelgVwIu0uz-Nh5J4NbJHPESE-KcLjO-Q0ynhiE5m6eedZg	2024-12-18 20:31:01.723246+00	2024-12-25 20:31:01+00	ac826abe-ab66-4fbd-8e66-e47792b0aaca	70e25de9bad949e2b2674c7b0b622699
8	eyJhbGciOiJIUzUxMiIsInR5cCI6IkpXVCJ9.eyJ0b2tlbl90eXBlIjoicmVmcmVzaCIsImV4cCI6MTczNTE1ODgxNiwiaWF0IjoxNzM0NTU0MDE2LCJqdGkiOiI2MDEwNmZkZjk0NjM0YmExYjU2YTI4N2ZjYThmODEzOSIsInVzZXJfaWQiOiJhYzgyNmFiZS1hYjY2LTRmYmQtOGU2Ni1lNDc3OTJiMGFhY2EifQ.fewPQlWmOYaktvvbL2RWvyOkFMDav9DCyP7JU9tXv3iKbqpSXbe9o6SNnSKkZxL9E_sYBa-ufipgvXAoUCoziQ	2024-12-18 20:33:36.034644+00	2024-12-25 20:33:36+00	ac826abe-ab66-4fbd-8e66-e47792b0aaca	60106fdf94634ba1b56a287fca8f8139
9	eyJhbGciOiJIUzUxMiIsInR5cCI6IkpXVCJ9.eyJ0b2tlbl90eXBlIjoicmVmcmVzaCIsImV4cCI6MTczNTE1ODg4OCwiaWF0IjoxNzM0NTU0MDg4LCJqdGkiOiIxZTExNTZmMjc3MzQ0NTNlYjk5Yjc3YjNhMTJjMjYxOSIsInVzZXJfaWQiOiJhYzgyNmFiZS1hYjY2LTRmYmQtOGU2Ni1lNDc3OTJiMGFhY2EifQ.i6OXlsw7aKMZjg5j-FVnlW_Xq3QG24BLAocGRVZOeYDwv6NnxxJpbjRkQO0nU4nEu3YI1qjN4gseqw7KFCQqBQ	2024-12-18 20:34:48.95181+00	2024-12-25 20:34:48+00	ac826abe-ab66-4fbd-8e66-e47792b0aaca	1e1156f27734453eb99b77b3a12c2619
10	eyJhbGciOiJIUzUxMiIsInR5cCI6IkpXVCJ9.eyJ0b2tlbl90eXBlIjoicmVmcmVzaCIsImV4cCI6MTczNTE1ODkzMiwiaWF0IjoxNzM0NTU0MTMyLCJqdGkiOiJhYTBlNDIxOTliYmM0OWNhODBiNzc4NWI4OWMyYjFmNSIsInVzZXJfaWQiOiJhYzgyNmFiZS1hYjY2LTRmYmQtOGU2Ni1lNDc3OTJiMGFhY2EifQ.2Yc8Hp51RBjc5Vc3AUVavEoFSwMMrOv52Yoz4H-v0xULEmnL2OrtcAtb5cKbRDYjR7kZFqIcdsBThljfzr_DEw	2024-12-18 20:35:32.674422+00	2024-12-25 20:35:32+00	ac826abe-ab66-4fbd-8e66-e47792b0aaca	aa0e42199bbc49ca80b7785b89c2b1f5
11	eyJhbGciOiJIUzUxMiIsInR5cCI6IkpXVCJ9.eyJ0b2tlbl90eXBlIjoicmVmcmVzaCIsImV4cCI6MTczNTE1OTI0MiwiaWF0IjoxNzM0NTU0NDQyLCJqdGkiOiI2MWNhNGE0MTI3ZjI0OThhYjU4NzUxOTVlNmRkZmFkMCIsInVzZXJfaWQiOiJhYzgyNmFiZS1hYjY2LTRmYmQtOGU2Ni1lNDc3OTJiMGFhY2EifQ.uaKw4VZecNOXyEdABIjlDZEV2Dr4i6OqfToUWzzd7A40aREyGrbKGfG24S0DH4tpMJuo-zoHbuT6AcUGD92IEg	2024-12-18 20:40:42.020883+00	2024-12-25 20:40:42+00	ac826abe-ab66-4fbd-8e66-e47792b0aaca	61ca4a4127f2498ab5875195e6ddfad0
12	eyJhbGciOiJIUzUxMiIsInR5cCI6IkpXVCJ9.eyJ0b2tlbl90eXBlIjoicmVmcmVzaCIsImV4cCI6MTczNTE1OTI1NCwiaWF0IjoxNzM0NTU0NDU0LCJqdGkiOiI4ZDAyMWRlN2Y0N2E0ODA4OTdjYWJmZmU5NmU0M2U3ZiIsInVzZXJfaWQiOiJhYzgyNmFiZS1hYjY2LTRmYmQtOGU2Ni1lNDc3OTJiMGFhY2EifQ.JiEOTQIfZxktja_-0Q74p3-YI_t76u6ZhooKuHDRZroaB2yY6cN_VvCIRS-m87sHf526xnC_-udemPXQO1qcfw	2024-12-18 20:40:54.676454+00	2024-12-25 20:40:54+00	ac826abe-ab66-4fbd-8e66-e47792b0aaca	8d021de7f47a480897cabffe96e43e7f
13	eyJhbGciOiJIUzUxMiIsInR5cCI6IkpXVCJ9.eyJ0b2tlbl90eXBlIjoicmVmcmVzaCIsImV4cCI6MTczNTE1OTQzOCwiaWF0IjoxNzM0NTU0NjM4LCJqdGkiOiIzOGFkMDc1MmU4N2Q0MGJhOGJmNjg4MTAzNGUyZDdjZiIsInVzZXJfaWQiOiJhYzgyNmFiZS1hYjY2LTRmYmQtOGU2Ni1lNDc3OTJiMGFhY2EifQ.U7hKnL0bNmLfS2mzleYzmg3NMslKeSPc3JQB8MjmNtzDuKLy2KKiilj77oAvZ_QQjHt6XRmUBEbFUDSR5hPAtw	2024-12-18 20:43:58.047728+00	2024-12-25 20:43:58+00	ac826abe-ab66-4fbd-8e66-e47792b0aaca	38ad0752e87d40ba8bf6881034e2d7cf
14	eyJhbGciOiJIUzUxMiIsInR5cCI6IkpXVCJ9.eyJ0b2tlbl90eXBlIjoicmVmcmVzaCIsImV4cCI6MTczNTE1OTUwMywiaWF0IjoxNzM0NTU0NzAzLCJqdGkiOiI3NzJkZGFhOGJiYTU0ZGNjYTA5MTEzNWQ4ZjJiYTExNyIsInVzZXJfaWQiOiJhYzgyNmFiZS1hYjY2LTRmYmQtOGU2Ni1lNDc3OTJiMGFhY2EifQ.YXZZQ6dk-WiSb8dt67pbhsdg8zUMHR9UkUE-gCeq8oXBvKWpwNfqJq22UcdGyyH5jptwiobvkMKWsxAw30_WyQ	2024-12-18 20:45:03.259616+00	2024-12-25 20:45:03+00	ac826abe-ab66-4fbd-8e66-e47792b0aaca	772ddaa8bba54dcca091135d8f2ba117
15	eyJhbGciOiJIUzUxMiIsInR5cCI6IkpXVCJ9.eyJ0b2tlbl90eXBlIjoicmVmcmVzaCIsImV4cCI6MTczNTE1OTUyOCwiaWF0IjoxNzM0NTU0NzI4LCJqdGkiOiJiNDc4Y2NjYzM1ODc0ODI2ODE1MDZlNDU0NWRiMTgxNSIsInVzZXJfaWQiOiJhYzgyNmFiZS1hYjY2LTRmYmQtOGU2Ni1lNDc3OTJiMGFhY2EifQ.I4OwBy-gb_PrtYFxCWyovtf4m9RaUIa_qfxWXLF94W88cxvycOiKxSH_HsfVffB6Do04xNTGrY4EhmNi1EET1Q	2024-12-18 20:45:28.284784+00	2024-12-25 20:45:28+00	ac826abe-ab66-4fbd-8e66-e47792b0aaca	b478cccc3587482681506e4545db1815
16	eyJhbGciOiJIUzUxMiIsInR5cCI6IkpXVCJ9.eyJ0b2tlbl90eXBlIjoicmVmcmVzaCIsImV4cCI6MTczNTE1OTU3NiwiaWF0IjoxNzM0NTU0Nzc2LCJqdGkiOiIyYWI0YjYyNDQyZTg0ZGY2OGE5Y2M2NzZmZjg4MDcyYyIsInVzZXJfaWQiOiJhYzgyNmFiZS1hYjY2LTRmYmQtOGU2Ni1lNDc3OTJiMGFhY2EifQ.9HjeUi_Tyq5e4UvwTbRY3h47OA6BCvM5dpuVU55EVXQ5xWJ6kfUMh3sdj2y4zKlH4qpC2EvUus6hQlvcXNPXcg	2024-12-18 20:46:16.124777+00	2024-12-25 20:46:16+00	ac826abe-ab66-4fbd-8e66-e47792b0aaca	2ab4b62442e84df68a9cc676ff88072c
17	eyJhbGciOiJIUzUxMiIsInR5cCI6IkpXVCJ9.eyJ0b2tlbl90eXBlIjoicmVmcmVzaCIsImV4cCI6MTczNTE1OTYzMSwiaWF0IjoxNzM0NTU0ODMxLCJqdGkiOiJmZTI4MThkMTQ2NDk0OWZjOTkwNmM2YjliM2Y5ZTM2OSIsInVzZXJfaWQiOiJhYzgyNmFiZS1hYjY2LTRmYmQtOGU2Ni1lNDc3OTJiMGFhY2EifQ.mYF87FmrECrNWVaQm83YleXOusLLsh62EZppEZpxDjGaIhbRPdeCzlNxQcKpuPRYiPdx3pb3vG86L-NkLX5VTQ	2024-12-18 20:47:11.959802+00	2024-12-25 20:47:11+00	ac826abe-ab66-4fbd-8e66-e47792b0aaca	fe2818d1464949fc9906c6b9b3f9e369
18	eyJhbGciOiJIUzUxMiIsInR5cCI6IkpXVCJ9.eyJ0b2tlbl90eXBlIjoicmVmcmVzaCIsImV4cCI6MTczNTE2MDAyMiwiaWF0IjoxNzM0NTU1MjIyLCJqdGkiOiI0MjRiZDhiMjZhYzU0NGQ1OTA3M2MwYTE5NjFiYjBlZiIsInVzZXJfaWQiOiJhYzgyNmFiZS1hYjY2LTRmYmQtOGU2Ni1lNDc3OTJiMGFhY2EifQ.xbwZvtg8EcEGwtpyPLwGUbGExJcCUEFsLkqwoF33IYxGhldW4ZiwSnPjF3p9HjAPGs5ELtEWiE8-1RB2ywNFcA	2024-12-18 20:53:42.52062+00	2024-12-25 20:53:42+00	ac826abe-ab66-4fbd-8e66-e47792b0aaca	424bd8b26ac544d59073c0a1961bb0ef
19	eyJhbGciOiJIUzUxMiIsInR5cCI6IkpXVCJ9.eyJ0b2tlbl90eXBlIjoicmVmcmVzaCIsImV4cCI6MTczNTE2MDA0MCwiaWF0IjoxNzM0NTU1MjQwLCJqdGkiOiI5MjY2OWY2Y2Y1OTg0M2Y5OTBkNDU0NjY0MTkxOTNkYSIsInVzZXJfaWQiOiJhYzgyNmFiZS1hYjY2LTRmYmQtOGU2Ni1lNDc3OTJiMGFhY2EifQ.vhly7U_pWN1RBYE3e2l1C_qkZ2M_gnxgz2VYR1nlkent6Rac2K8oqqqjMXaIvBb2KoOytP_RszLkoP_OFd_eQA	2024-12-18 20:54:00.410272+00	2024-12-25 20:54:00+00	ac826abe-ab66-4fbd-8e66-e47792b0aaca	92669f6cf59843f990d45466419193da
20	eyJhbGciOiJIUzUxMiIsInR5cCI6IkpXVCJ9.eyJ0b2tlbl90eXBlIjoicmVmcmVzaCIsImV4cCI6MTczNTE2MDM3OSwiaWF0IjoxNzM0NTU1NTc5LCJqdGkiOiIwMTliMzRiNGM5ODY0YWY0OTE0ZmZlYmZkNmE2OGJhYiIsInVzZXJfaWQiOiJhYzgyNmFiZS1hYjY2LTRmYmQtOGU2Ni1lNDc3OTJiMGFhY2EifQ.Dg8VgZW6LXpRd-JO_3a8a8gTx4ajae-RJqn6ABbtKK82xPMwL-xd_wlaw4EMuHmgSHy-8HGyHpOCP1PLzM4Nng	2024-12-18 20:59:39.561312+00	2024-12-25 20:59:39+00	ac826abe-ab66-4fbd-8e66-e47792b0aaca	019b34b4c9864af4914ffebfd6a68bab
21	eyJhbGciOiJIUzUxMiIsInR5cCI6IkpXVCJ9.eyJ0b2tlbl90eXBlIjoicmVmcmVzaCIsImV4cCI6MTczNTE2OTM1MiwiaWF0IjoxNzM0NTY0NTUyLCJqdGkiOiI2NGVlYzE0ZDFiMGI0MGY5YjAwNTM2MDI2MjFhNjgwMiIsInVzZXJfaWQiOiJhYzgyNmFiZS1hYjY2LTRmYmQtOGU2Ni1lNDc3OTJiMGFhY2EifQ.BNZY0e7gCnnb2nUarOl2rfs_NWJ58JrXLMm8TaN1lMGx9y7APJvx9AMn1ooBQ4jbzRc1oqyZFbjqMAC1ccxO5g	2024-12-18 23:29:12.233557+00	2024-12-25 23:29:12+00	ac826abe-ab66-4fbd-8e66-e47792b0aaca	64eec14d1b0b40f9b0053602621a6802
22	eyJhbGciOiJIUzUxMiIsInR5cCI6IkpXVCJ9.eyJ0b2tlbl90eXBlIjoicmVmcmVzaCIsImV4cCI6MTczNTE3MDA2MywiaWF0IjoxNzM0NTY1MjYzLCJqdGkiOiIyNTNkYjMxODJmZDQ0OWRkYmJhYjA1MDBhMTJkZWI2MyIsInVzZXJfaWQiOiJhYzgyNmFiZS1hYjY2LTRmYmQtOGU2Ni1lNDc3OTJiMGFhY2EifQ.lEcAQ4RlmFf3CC6_rr-FoJVtuXUr9LA1zDBetwQENg4-wfnLCUfvGGnyO7TcQtBhccc0SHAb06YMcSnlTGHAeg	2024-12-18 23:41:03.143191+00	2024-12-25 23:41:03+00	ac826abe-ab66-4fbd-8e66-e47792b0aaca	253db3182fd449ddbbab0500a12deb63
23	eyJhbGciOiJIUzUxMiIsInR5cCI6IkpXVCJ9.eyJ0b2tlbl90eXBlIjoicmVmcmVzaCIsImV4cCI6MTczNTE3MzU4OSwiaWF0IjoxNzM0NTY4Nzg5LCJqdGkiOiI3OTNjOGEwMWM2MjA0YzNkYjZhY2UxNmIzMDExYTc4NSIsInVzZXJfaWQiOiJhYzgyNmFiZS1hYjY2LTRmYmQtOGU2Ni1lNDc3OTJiMGFhY2EifQ.4t4J0ICvqpEcLkAcVLQmNNf5J-CeGzYwTnIXvargzcrZfXHh8FzxsyyckmpkQ_iBcphHLvh98xhQZ7j5p_BwTA	2024-12-19 00:39:49.197009+00	2024-12-26 00:39:49+00	ac826abe-ab66-4fbd-8e66-e47792b0aaca	793c8a01c6204c3db6ace16b3011a785
24	eyJhbGciOiJIUzUxMiIsInR5cCI6IkpXVCJ9.eyJ0b2tlbl90eXBlIjoicmVmcmVzaCIsImV4cCI6MTczNTE3NTczMSwiaWF0IjoxNzM0NTcwOTMxLCJqdGkiOiI0M2JlODA5OGQ5NTY0NWUzYjY1YWU0YmFlOTIzMjM2ZCIsInVzZXJfaWQiOiJhYzgyNmFiZS1hYjY2LTRmYmQtOGU2Ni1lNDc3OTJiMGFhY2EifQ.st43b1AK95zUASZQdblvoohYL-AdVdLMBbbJmpwtEoJsBADBDuFzhwN6ymloPaANANZrQXWkzThER0snnfqOTg	2024-12-19 01:15:31.176434+00	2024-12-26 01:15:31+00	ac826abe-ab66-4fbd-8e66-e47792b0aaca	43be8098d95645e3b65ae4bae923236d
25	eyJhbGciOiJIUzUxMiIsInR5cCI6IkpXVCJ9.eyJ0b2tlbl90eXBlIjoicmVmcmVzaCIsImV4cCI6MTczNTE4MDk1MCwiaWF0IjoxNzM0NTc2MTUwLCJqdGkiOiJiMTdlYjZlMGMzMjE0YjA1YTFhNWE1YWIyNjkwN2IyYyIsInVzZXJfaWQiOiJhYzgyNmFiZS1hYjY2LTRmYmQtOGU2Ni1lNDc3OTJiMGFhY2EifQ.WxF_8NR3sCYurF4c1YTTQ2tiP0w1swtSfoiaW8ieVVp0oP38FynDSX1wYZSLNn9c8MWcxIUsBjeGPVxyALvUuQ	2024-12-19 02:42:30.808592+00	2024-12-26 02:42:30+00	ac826abe-ab66-4fbd-8e66-e47792b0aaca	b17eb6e0c3214b05a1a5a5ab26907b2c
26	eyJhbGciOiJIUzUxMiIsInR5cCI6IkpXVCJ9.eyJ0b2tlbl90eXBlIjoicmVmcmVzaCIsImV4cCI6MTczNTE4MTk4MiwiaWF0IjoxNzM0NTc3MTgyLCJqdGkiOiJhODc0YTEwMWQ2MjM0YmI5YjFkYzVmMDU3ZmM1NGFmOCIsInVzZXJfaWQiOiJhYzgyNmFiZS1hYjY2LTRmYmQtOGU2Ni1lNDc3OTJiMGFhY2EifQ.-TB2s20N6M2qubZKxDzJroqGyIbnGiiwfQ_Ue-hZVoZEGZNNm1fDK1moveSqRtdXffV8WbSHydDR2N9NBgSahA	2024-12-19 02:59:42.647576+00	2024-12-26 02:59:42+00	ac826abe-ab66-4fbd-8e66-e47792b0aaca	a874a101d6234bb9b1dc5f057fc54af8
27	eyJhbGciOiJIUzUxMiIsInR5cCI6IkpXVCJ9.eyJ0b2tlbl90eXBlIjoicmVmcmVzaCIsImV4cCI6MTczNTE4MjA4OCwiaWF0IjoxNzM0NTc3Mjg4LCJqdGkiOiI0ZThkYmJlY2YzNDA0YmEzYjFkZDAwNzI2OTczZGJlYyIsInVzZXJfaWQiOiJhYzgyNmFiZS1hYjY2LTRmYmQtOGU2Ni1lNDc3OTJiMGFhY2EifQ.aEgmhphcrpgAc_0eVkPNS3JPKCBztgKm9PIEUXEvARLpMpYqZl6gxzLnNnu5wKqTxGRxKFrcXJIci4CEGQ3ysg	2024-12-19 03:01:28.147013+00	2024-12-26 03:01:28+00	ac826abe-ab66-4fbd-8e66-e47792b0aaca	4e8dbbecf3404ba3b1dd00726973dbec
28	eyJhbGciOiJIUzUxMiIsInR5cCI6IkpXVCJ9.eyJ0b2tlbl90eXBlIjoicmVmcmVzaCIsImV4cCI6MTczNTE4MjExMSwiaWF0IjoxNzM0NTc3MzExLCJqdGkiOiI4MDY4YzQ1ZmYwNTA0MTg3YWRlOWMxMTdiNWFkOTdjMiIsInVzZXJfaWQiOiJhYzgyNmFiZS1hYjY2LTRmYmQtOGU2Ni1lNDc3OTJiMGFhY2EifQ.csyeSvvfqO0sAEkJ8uQHKrYs_dEQ8kIodAQj5bWpWygjUzJNLwIVmXbegMvlbosCKkE2XJz1Gfh1K3YGeLeOsw	2024-12-19 03:01:51.283145+00	2024-12-26 03:01:51+00	ac826abe-ab66-4fbd-8e66-e47792b0aaca	8068c45ff0504187ade9c117b5ad97c2
\.


--
-- Data for Name: useraccount_reservation; Type: TABLE DATA; Schema: public; Owner: brennam
--

COPY public.useraccount_reservation (id, start_date, end_date, guests, created_at, updated_at, room_id, user_id) FROM stdin;
\.


--
-- Data for Name: useraccount_user; Type: TABLE DATA; Schema: public; Owner: brennam
--

COPY public.useraccount_user (password, id, email, avatar, is_active, is_superuser, is_staff, date_joined, last_login, name) FROM stdin;
pbkdf2_sha256$870000$x5DeUXzhnEVf28ZVM9fLgd$l4yFohFFIX/uWchKSw5fyPybzrCggHVudMAGElZW93g=	1f6e8ea3-5ad1-4439-89bb-f4f44c60f327	testuser@example.com		t	f	f	2024-12-17 22:13:31.500033+00	\N	\N
pbkdf2_sha256$870000$FFjfZk2NUWgqewUzMhWuxy$DlG83tESey5MDqIJxP5G76Q6367Q3yqXSlnPDufJJOQ=	e7440b8e-9399-4af5-90c5-81c4af6c6292	mytest69@gmail.com		t	f	f	2024-12-12 19:22:18.783411+00	2024-12-12 19:22:18.800794+00	\N
pbkdf2_sha256$870000$hEjhffeaPGmvdGuPmxkrna$3AF5v/v1f8XArtVnBpEsXDq5rwILH088PtKBikwDUp8=	0f5d3b00-8610-45bb-84d5-6239aa5447d2	test123@test.com		t	f	f	2024-12-12 20:03:55.695029+00	2024-12-12 20:03:55.70892+00	\N
pbkdf2_sha256$870000$mdKh6GVR2Ue049Y6pmEWMn$cjcV/im2qQBErtNFttrc0acpii+DxrU23J2jPYyRZ20=	be3b416d-90ea-4b1f-8c19-14c38d920907	brennambb@gmail.com		t	f	f	2024-12-17 22:16:12.810723+00	\N	\N
pbkdf2_sha256$870000$3EnttiDGP9FjooFLrPeM90$B8pyIkhKe2/KpQSpLG5VIHgIqLoPZH7fJb2iQootLPI=	72b51c35-f796-4767-a89c-120be6ecf91e	brennambb420@gmail.com		t	f	f	2024-12-17 22:17:13.538895+00	\N	\N
pbkdf2_sha256$870000$PmzTw8LjcUDk8IPWy0Plq6$NYHxPfbf5emQs2IroHtm61tTuZyVC8GaNwpg/Ew7Eng=	913202af-3711-4f93-9cd1-d8b9c78859d0	guestuser@test.com		t	f	f	2024-12-12 20:26:13.151147+00	2024-12-12 20:36:12.699071+00	\N
pbkdf2_sha256$870000$xKPI1VNBOFCaRk6OGaPemi$blLqkjl+MPYJtv121IG7npI5OQC+KaTKLAKxG4eb0HY=	ac826abe-ab66-4fbd-8e66-e47792b0aaca	brennambond@gmail.com		t	t	t	2024-12-12 19:21:26.337991+00	2024-12-19 02:59:42.729844+00	\N
pbkdf2_sha256$870000$PpN3qjWFL2rRRs8hsrs7bS$PUvD/kITTmI80wH4IEeIQAvAlcf1DaUjVWHynbY1BxA=	50f8a9c9-772f-40ee-b8b5-a616e2396b32	bondbrennam@yahoo.com		t	f	f	2024-12-12 19:22:05.091777+00	2024-12-12 23:21:46.670933+00	\N
pbkdf2_sha256$870000$13uJxb1QMu3YVp1OZLnjdN$Kdxzo4YiOhTWoAk9DgNUWuHc+rTD+TiqQznAnFqMm4A=	68e73b77-2a2d-4a55-9ffd-3b0e6cdfc167	anothertestuser@test.com		t	f	f	2024-12-13 00:05:52.638266+00	2024-12-13 00:05:52.674973+00	\N
pbkdf2_sha256$870000$IkSuweqC8qxLrip468uyAl$mlqvQILbTd2N3weqtM5UKwwZ9Zw9b8PBkhRUMuLSFPw=	ab91aed4-75e4-411d-b4c1-522350531c77	arealuser@test.com		t	f	f	2024-12-13 00:09:01.193368+00	2024-12-13 00:09:01.20575+00	\N
pbkdf2_sha256$870000$n87vVWVGpG85CW81KZzZut$QlpeOca4BO5Wx9m8LGjyEPqOCKPV0thcH4gfnrOTIZo=	737588da-fb5f-4811-bbab-b9a41ab9a58f	wingstestuser@test.com		t	f	f	2024-12-13 00:56:24.33014+00	2024-12-13 00:56:24.340586+00	\N
pbkdf2_sha256$870000$WncABA8etfDJRImqMbc2oF$2geVlIieXKhhV+PQh+81cmdo2UzgZwzIcloaeRdiZoc=	9ba59918-731a-41ed-a675-5479597f332d	testuser69420@test.com		t	f	f	2024-12-13 00:59:33.912332+00	2024-12-13 00:59:33.922153+00	\N
pbkdf2_sha256$870000$FHQLYooKeDGhCzQX0wHt9w$xIxGC1RfP3gBRDhuaEDcc6lr7IIzvbA6vboUiCawFRA=	c49fdf9d-1f23-40ce-99c6-39c008a03ed0	test845@gmail.com		t	f	f	2024-12-13 22:59:07.559606+00	2024-12-13 22:59:07.580859+00	\N
pbkdf2_sha256$870000$PiC4923K3Tyv7xyAXDRIid$r+3wxnwjdoi9wJ2/pZrX8PvRfEK9aWuBOY4VNFZr5AY=	fa30dd5a-be7c-438c-84a3-a46d2a672601	adgasddlj@test.com		t	f	f	2024-12-13 23:41:19.40944+00	2024-12-13 23:41:19.422247+00	\N
pbkdf2_sha256$870000$Wobzw92B621R03A5Xfz8EB$sVzOEZd4/7G16WAaABkEDmUkuJZ7qdnLnl6REfYN0Kw=	f2a33307-16b9-4dc6-8760-4a9802ed14c4	testuser69420@example.com		t	f	f	2024-12-17 21:51:48.704284+00	\N	\N
pbkdf2_sha256$870000$KokZHtU4IRJskXcOQpCwua$kk63I63XToVMiZqxsm6No9A5dOS6VgtjC741LyXVDpE=	bdcfd383-a23e-480b-8388-127f0dbefa9f	brennamb@gmail.com		t	f	f	2024-12-17 22:08:33.371216+00	\N	\N
\.


--
-- Data for Name: useraccount_user_groups; Type: TABLE DATA; Schema: public; Owner: brennam
--

COPY public.useraccount_user_groups (id, user_id, group_id) FROM stdin;
\.


--
-- Data for Name: useraccount_user_user_permissions; Type: TABLE DATA; Schema: public; Owner: brennam
--

COPY public.useraccount_user_user_permissions (id, user_id, permission_id) FROM stdin;
\.


--
-- Name: account_emailaddress_id_seq; Type: SEQUENCE SET; Schema: public; Owner: brennam
--

SELECT pg_catalog.setval('public.account_emailaddress_id_seq', 10, true);


--
-- Name: account_emailconfirmation_id_seq; Type: SEQUENCE SET; Schema: public; Owner: brennam
--

SELECT pg_catalog.setval('public.account_emailconfirmation_id_seq', 1, false);


--
-- Name: auth_group_id_seq; Type: SEQUENCE SET; Schema: public; Owner: brennam
--

SELECT pg_catalog.setval('public.auth_group_id_seq', 1, false);


--
-- Name: auth_group_permissions_id_seq; Type: SEQUENCE SET; Schema: public; Owner: brennam
--

SELECT pg_catalog.setval('public.auth_group_permissions_id_seq', 1, false);


--
-- Name: auth_permission_id_seq; Type: SEQUENCE SET; Schema: public; Owner: brennam
--

SELECT pg_catalog.setval('public.auth_permission_id_seq', 80, true);


--
-- Name: django_admin_log_id_seq; Type: SEQUENCE SET; Schema: public; Owner: brennam
--

SELECT pg_catalog.setval('public.django_admin_log_id_seq', 18, true);


--
-- Name: django_content_type_id_seq; Type: SEQUENCE SET; Schema: public; Owner: brennam
--

SELECT pg_catalog.setval('public.django_content_type_id_seq', 20, true);


--
-- Name: django_migrations_id_seq; Type: SEQUENCE SET; Schema: public; Owner: brennam
--

SELECT pg_catalog.setval('public.django_migrations_id_seq', 56, true);


--
-- Name: socialaccount_socialaccount_id_seq; Type: SEQUENCE SET; Schema: public; Owner: brennam
--

SELECT pg_catalog.setval('public.socialaccount_socialaccount_id_seq', 1, false);


--
-- Name: socialaccount_socialapp_id_seq; Type: SEQUENCE SET; Schema: public; Owner: brennam
--

SELECT pg_catalog.setval('public.socialaccount_socialapp_id_seq', 1, false);


--
-- Name: socialaccount_socialtoken_id_seq; Type: SEQUENCE SET; Schema: public; Owner: brennam
--

SELECT pg_catalog.setval('public.socialaccount_socialtoken_id_seq', 1, false);


--
-- Name: token_blacklist_blacklistedtoken_id_seq; Type: SEQUENCE SET; Schema: public; Owner: brennam
--

SELECT pg_catalog.setval('public.token_blacklist_blacklistedtoken_id_seq', 1, false);


--
-- Name: token_blacklist_outstandingtoken_id_seq; Type: SEQUENCE SET; Schema: public; Owner: brennam
--

SELECT pg_catalog.setval('public.token_blacklist_outstandingtoken_id_seq', 28, true);


--
-- Name: useraccount_reservation_id_seq; Type: SEQUENCE SET; Schema: public; Owner: brennam
--

SELECT pg_catalog.setval('public.useraccount_reservation_id_seq', 1, false);


--
-- Name: useraccount_user_groups_id_seq; Type: SEQUENCE SET; Schema: public; Owner: brennam
--

SELECT pg_catalog.setval('public.useraccount_user_groups_id_seq', 1, false);


--
-- Name: useraccount_user_user_permissions_id_seq; Type: SEQUENCE SET; Schema: public; Owner: brennam
--

SELECT pg_catalog.setval('public.useraccount_user_user_permissions_id_seq', 1, false);


--
-- Name: account_emailaddress account_emailaddress_pkey; Type: CONSTRAINT; Schema: public; Owner: brennam
--

ALTER TABLE ONLY public.account_emailaddress
    ADD CONSTRAINT account_emailaddress_pkey PRIMARY KEY (id);


--
-- Name: account_emailaddress account_emailaddress_user_id_email_987c8728_uniq; Type: CONSTRAINT; Schema: public; Owner: brennam
--

ALTER TABLE ONLY public.account_emailaddress
    ADD CONSTRAINT account_emailaddress_user_id_email_987c8728_uniq UNIQUE (user_id, email);


--
-- Name: account_emailconfirmation account_emailconfirmation_key_key; Type: CONSTRAINT; Schema: public; Owner: brennam
--

ALTER TABLE ONLY public.account_emailconfirmation
    ADD CONSTRAINT account_emailconfirmation_key_key UNIQUE (key);


--
-- Name: account_emailconfirmation account_emailconfirmation_pkey; Type: CONSTRAINT; Schema: public; Owner: brennam
--

ALTER TABLE ONLY public.account_emailconfirmation
    ADD CONSTRAINT account_emailconfirmation_pkey PRIMARY KEY (id);


--
-- Name: auth_group auth_group_name_key; Type: CONSTRAINT; Schema: public; Owner: brennam
--

ALTER TABLE ONLY public.auth_group
    ADD CONSTRAINT auth_group_name_key UNIQUE (name);


--
-- Name: auth_group_permissions auth_group_permissions_group_id_permission_id_0cd325b0_uniq; Type: CONSTRAINT; Schema: public; Owner: brennam
--

ALTER TABLE ONLY public.auth_group_permissions
    ADD CONSTRAINT auth_group_permissions_group_id_permission_id_0cd325b0_uniq UNIQUE (group_id, permission_id);


--
-- Name: auth_group_permissions auth_group_permissions_pkey; Type: CONSTRAINT; Schema: public; Owner: brennam
--

ALTER TABLE ONLY public.auth_group_permissions
    ADD CONSTRAINT auth_group_permissions_pkey PRIMARY KEY (id);


--
-- Name: auth_group auth_group_pkey; Type: CONSTRAINT; Schema: public; Owner: brennam
--

ALTER TABLE ONLY public.auth_group
    ADD CONSTRAINT auth_group_pkey PRIMARY KEY (id);


--
-- Name: auth_permission auth_permission_content_type_id_codename_01ab375a_uniq; Type: CONSTRAINT; Schema: public; Owner: brennam
--

ALTER TABLE ONLY public.auth_permission
    ADD CONSTRAINT auth_permission_content_type_id_codename_01ab375a_uniq UNIQUE (content_type_id, codename);


--
-- Name: auth_permission auth_permission_pkey; Type: CONSTRAINT; Schema: public; Owner: brennam
--

ALTER TABLE ONLY public.auth_permission
    ADD CONSTRAINT auth_permission_pkey PRIMARY KEY (id);


--
-- Name: authtoken_token authtoken_token_pkey; Type: CONSTRAINT; Schema: public; Owner: brennam
--

ALTER TABLE ONLY public.authtoken_token
    ADD CONSTRAINT authtoken_token_pkey PRIMARY KEY (key);


--
-- Name: authtoken_token authtoken_token_user_id_key; Type: CONSTRAINT; Schema: public; Owner: brennam
--

ALTER TABLE ONLY public.authtoken_token
    ADD CONSTRAINT authtoken_token_user_id_key UNIQUE (user_id);


--
-- Name: django_admin_log django_admin_log_pkey; Type: CONSTRAINT; Schema: public; Owner: brennam
--

ALTER TABLE ONLY public.django_admin_log
    ADD CONSTRAINT django_admin_log_pkey PRIMARY KEY (id);


--
-- Name: django_content_type django_content_type_app_label_model_76bd3d3b_uniq; Type: CONSTRAINT; Schema: public; Owner: brennam
--

ALTER TABLE ONLY public.django_content_type
    ADD CONSTRAINT django_content_type_app_label_model_76bd3d3b_uniq UNIQUE (app_label, model);


--
-- Name: django_content_type django_content_type_pkey; Type: CONSTRAINT; Schema: public; Owner: brennam
--

ALTER TABLE ONLY public.django_content_type
    ADD CONSTRAINT django_content_type_pkey PRIMARY KEY (id);


--
-- Name: django_migrations django_migrations_pkey; Type: CONSTRAINT; Schema: public; Owner: brennam
--

ALTER TABLE ONLY public.django_migrations
    ADD CONSTRAINT django_migrations_pkey PRIMARY KEY (id);


--
-- Name: django_session django_session_pkey; Type: CONSTRAINT; Schema: public; Owner: brennam
--

ALTER TABLE ONLY public.django_session
    ADD CONSTRAINT django_session_pkey PRIMARY KEY (session_key);


--
-- Name: room_category room_category_pkey; Type: CONSTRAINT; Schema: public; Owner: brennam
--

ALTER TABLE ONLY public.room_category
    ADD CONSTRAINT room_category_pkey PRIMARY KEY (id);


--
-- Name: room_reservation room_reservation_pkey; Type: CONSTRAINT; Schema: public; Owner: brennam
--

ALTER TABLE ONLY public.room_reservation
    ADD CONSTRAINT room_reservation_pkey PRIMARY KEY (id);


--
-- Name: room_room room_room_pkey; Type: CONSTRAINT; Schema: public; Owner: brennam
--

ALTER TABLE ONLY public.room_room
    ADD CONSTRAINT room_room_pkey PRIMARY KEY (id);


--
-- Name: room_wing room_wing_pkey; Type: CONSTRAINT; Schema: public; Owner: brennam
--

ALTER TABLE ONLY public.room_wing
    ADD CONSTRAINT room_wing_pkey PRIMARY KEY (id);


--
-- Name: socialaccount_socialaccount socialaccount_socialaccount_pkey; Type: CONSTRAINT; Schema: public; Owner: brennam
--

ALTER TABLE ONLY public.socialaccount_socialaccount
    ADD CONSTRAINT socialaccount_socialaccount_pkey PRIMARY KEY (id);


--
-- Name: socialaccount_socialaccount socialaccount_socialaccount_provider_uid_fc810c6e_uniq; Type: CONSTRAINT; Schema: public; Owner: brennam
--

ALTER TABLE ONLY public.socialaccount_socialaccount
    ADD CONSTRAINT socialaccount_socialaccount_provider_uid_fc810c6e_uniq UNIQUE (provider, uid);


--
-- Name: socialaccount_socialapp socialaccount_socialapp_pkey; Type: CONSTRAINT; Schema: public; Owner: brennam
--

ALTER TABLE ONLY public.socialaccount_socialapp
    ADD CONSTRAINT socialaccount_socialapp_pkey PRIMARY KEY (id);


--
-- Name: socialaccount_socialtoken socialaccount_socialtoken_app_id_account_id_fca4e0ac_uniq; Type: CONSTRAINT; Schema: public; Owner: brennam
--

ALTER TABLE ONLY public.socialaccount_socialtoken
    ADD CONSTRAINT socialaccount_socialtoken_app_id_account_id_fca4e0ac_uniq UNIQUE (app_id, account_id);


--
-- Name: socialaccount_socialtoken socialaccount_socialtoken_pkey; Type: CONSTRAINT; Schema: public; Owner: brennam
--

ALTER TABLE ONLY public.socialaccount_socialtoken
    ADD CONSTRAINT socialaccount_socialtoken_pkey PRIMARY KEY (id);


--
-- Name: token_blacklist_blacklistedtoken token_blacklist_blacklistedtoken_pkey; Type: CONSTRAINT; Schema: public; Owner: brennam
--

ALTER TABLE ONLY public.token_blacklist_blacklistedtoken
    ADD CONSTRAINT token_blacklist_blacklistedtoken_pkey PRIMARY KEY (id);


--
-- Name: token_blacklist_blacklistedtoken token_blacklist_blacklistedtoken_token_id_key; Type: CONSTRAINT; Schema: public; Owner: brennam
--

ALTER TABLE ONLY public.token_blacklist_blacklistedtoken
    ADD CONSTRAINT token_blacklist_blacklistedtoken_token_id_key UNIQUE (token_id);


--
-- Name: token_blacklist_outstandingtoken token_blacklist_outstandingtoken_jti_hex_d9bdf6f7_uniq; Type: CONSTRAINT; Schema: public; Owner: brennam
--

ALTER TABLE ONLY public.token_blacklist_outstandingtoken
    ADD CONSTRAINT token_blacklist_outstandingtoken_jti_hex_d9bdf6f7_uniq UNIQUE (jti);


--
-- Name: token_blacklist_outstandingtoken token_blacklist_outstandingtoken_pkey; Type: CONSTRAINT; Schema: public; Owner: brennam
--

ALTER TABLE ONLY public.token_blacklist_outstandingtoken
    ADD CONSTRAINT token_blacklist_outstandingtoken_pkey PRIMARY KEY (id);


--
-- Name: useraccount_reservation useraccount_reservation_pkey; Type: CONSTRAINT; Schema: public; Owner: brennam
--

ALTER TABLE ONLY public.useraccount_reservation
    ADD CONSTRAINT useraccount_reservation_pkey PRIMARY KEY (id);


--
-- Name: useraccount_user useraccount_user_email_key; Type: CONSTRAINT; Schema: public; Owner: brennam
--

ALTER TABLE ONLY public.useraccount_user
    ADD CONSTRAINT useraccount_user_email_key UNIQUE (email);


--
-- Name: useraccount_user_groups useraccount_user_groups_pkey; Type: CONSTRAINT; Schema: public; Owner: brennam
--

ALTER TABLE ONLY public.useraccount_user_groups
    ADD CONSTRAINT useraccount_user_groups_pkey PRIMARY KEY (id);


--
-- Name: useraccount_user_groups useraccount_user_groups_user_id_group_id_793452f9_uniq; Type: CONSTRAINT; Schema: public; Owner: brennam
--

ALTER TABLE ONLY public.useraccount_user_groups
    ADD CONSTRAINT useraccount_user_groups_user_id_group_id_793452f9_uniq UNIQUE (user_id, group_id);


--
-- Name: useraccount_user useraccount_user_pkey; Type: CONSTRAINT; Schema: public; Owner: brennam
--

ALTER TABLE ONLY public.useraccount_user
    ADD CONSTRAINT useraccount_user_pkey PRIMARY KEY (id);


--
-- Name: useraccount_user_user_permissions useraccount_user_user_pe_user_id_permission_id_47dceb51_uniq; Type: CONSTRAINT; Schema: public; Owner: brennam
--

ALTER TABLE ONLY public.useraccount_user_user_permissions
    ADD CONSTRAINT useraccount_user_user_pe_user_id_permission_id_47dceb51_uniq UNIQUE (user_id, permission_id);


--
-- Name: useraccount_user_user_permissions useraccount_user_user_permissions_pkey; Type: CONSTRAINT; Schema: public; Owner: brennam
--

ALTER TABLE ONLY public.useraccount_user_user_permissions
    ADD CONSTRAINT useraccount_user_user_permissions_pkey PRIMARY KEY (id);


--
-- Name: account_emailaddress_email_03be32b2; Type: INDEX; Schema: public; Owner: brennam
--

CREATE INDEX account_emailaddress_email_03be32b2 ON public.account_emailaddress USING btree (email);


--
-- Name: account_emailaddress_email_03be32b2_like; Type: INDEX; Schema: public; Owner: brennam
--

CREATE INDEX account_emailaddress_email_03be32b2_like ON public.account_emailaddress USING btree (email varchar_pattern_ops);


--
-- Name: account_emailaddress_user_id_2c513194; Type: INDEX; Schema: public; Owner: brennam
--

CREATE INDEX account_emailaddress_user_id_2c513194 ON public.account_emailaddress USING btree (user_id);


--
-- Name: account_emailconfirmation_email_address_id_5b7f8c58; Type: INDEX; Schema: public; Owner: brennam
--

CREATE INDEX account_emailconfirmation_email_address_id_5b7f8c58 ON public.account_emailconfirmation USING btree (email_address_id);


--
-- Name: account_emailconfirmation_key_f43612bd_like; Type: INDEX; Schema: public; Owner: brennam
--

CREATE INDEX account_emailconfirmation_key_f43612bd_like ON public.account_emailconfirmation USING btree (key varchar_pattern_ops);


--
-- Name: auth_group_name_a6ea08ec_like; Type: INDEX; Schema: public; Owner: brennam
--

CREATE INDEX auth_group_name_a6ea08ec_like ON public.auth_group USING btree (name varchar_pattern_ops);


--
-- Name: auth_group_permissions_group_id_b120cbf9; Type: INDEX; Schema: public; Owner: brennam
--

CREATE INDEX auth_group_permissions_group_id_b120cbf9 ON public.auth_group_permissions USING btree (group_id);


--
-- Name: auth_group_permissions_permission_id_84c5c92e; Type: INDEX; Schema: public; Owner: brennam
--

CREATE INDEX auth_group_permissions_permission_id_84c5c92e ON public.auth_group_permissions USING btree (permission_id);


--
-- Name: auth_permission_content_type_id_2f476e4b; Type: INDEX; Schema: public; Owner: brennam
--

CREATE INDEX auth_permission_content_type_id_2f476e4b ON public.auth_permission USING btree (content_type_id);


--
-- Name: authtoken_token_key_10f0b77e_like; Type: INDEX; Schema: public; Owner: brennam
--

CREATE INDEX authtoken_token_key_10f0b77e_like ON public.authtoken_token USING btree (key varchar_pattern_ops);


--
-- Name: django_admin_log_content_type_id_c4bce8eb; Type: INDEX; Schema: public; Owner: brennam
--

CREATE INDEX django_admin_log_content_type_id_c4bce8eb ON public.django_admin_log USING btree (content_type_id);


--
-- Name: django_admin_log_user_id_c564eba6; Type: INDEX; Schema: public; Owner: brennam
--

CREATE INDEX django_admin_log_user_id_c564eba6 ON public.django_admin_log USING btree (user_id);


--
-- Name: django_session_expire_date_a5c62663; Type: INDEX; Schema: public; Owner: brennam
--

CREATE INDEX django_session_expire_date_a5c62663 ON public.django_session USING btree (expire_date);


--
-- Name: django_session_session_key_c0390e0f_like; Type: INDEX; Schema: public; Owner: brennam
--

CREATE INDEX django_session_session_key_c0390e0f_like ON public.django_session USING btree (session_key varchar_pattern_ops);


--
-- Name: room_reservation_created_by_id_8c2dcfbc; Type: INDEX; Schema: public; Owner: brennam
--

CREATE INDEX room_reservation_created_by_id_8c2dcfbc ON public.room_reservation USING btree (created_by_id);


--
-- Name: room_reservation_room_id_827cdbff; Type: INDEX; Schema: public; Owner: brennam
--

CREATE INDEX room_reservation_room_id_827cdbff ON public.room_reservation USING btree (room_id);


--
-- Name: room_room_category_id_6b6fd792; Type: INDEX; Schema: public; Owner: brennam
--

CREATE INDEX room_room_category_id_6b6fd792 ON public.room_room USING btree (category_id);


--
-- Name: room_room_wing_id_1c69a4b9; Type: INDEX; Schema: public; Owner: brennam
--

CREATE INDEX room_room_wing_id_1c69a4b9 ON public.room_room USING btree (wing_id);


--
-- Name: socialaccount_socialaccount_user_id_8146e70c; Type: INDEX; Schema: public; Owner: brennam
--

CREATE INDEX socialaccount_socialaccount_user_id_8146e70c ON public.socialaccount_socialaccount USING btree (user_id);


--
-- Name: socialaccount_socialtoken_account_id_951f210e; Type: INDEX; Schema: public; Owner: brennam
--

CREATE INDEX socialaccount_socialtoken_account_id_951f210e ON public.socialaccount_socialtoken USING btree (account_id);


--
-- Name: socialaccount_socialtoken_app_id_636a42d7; Type: INDEX; Schema: public; Owner: brennam
--

CREATE INDEX socialaccount_socialtoken_app_id_636a42d7 ON public.socialaccount_socialtoken USING btree (app_id);


--
-- Name: token_blacklist_outstandingtoken_jti_hex_d9bdf6f7_like; Type: INDEX; Schema: public; Owner: brennam
--

CREATE INDEX token_blacklist_outstandingtoken_jti_hex_d9bdf6f7_like ON public.token_blacklist_outstandingtoken USING btree (jti varchar_pattern_ops);


--
-- Name: token_blacklist_outstandingtoken_user_id_83bc629a; Type: INDEX; Schema: public; Owner: brennam
--

CREATE INDEX token_blacklist_outstandingtoken_user_id_83bc629a ON public.token_blacklist_outstandingtoken USING btree (user_id);


--
-- Name: unique_primary_email; Type: INDEX; Schema: public; Owner: brennam
--

CREATE UNIQUE INDEX unique_primary_email ON public.account_emailaddress USING btree (user_id, "primary") WHERE "primary";


--
-- Name: unique_verified_email; Type: INDEX; Schema: public; Owner: brennam
--

CREATE UNIQUE INDEX unique_verified_email ON public.account_emailaddress USING btree (email) WHERE verified;


--
-- Name: useraccount_reservation_room_id_03c1e9f7; Type: INDEX; Schema: public; Owner: brennam
--

CREATE INDEX useraccount_reservation_room_id_03c1e9f7 ON public.useraccount_reservation USING btree (room_id);


--
-- Name: useraccount_reservation_user_id_c3a0ec77; Type: INDEX; Schema: public; Owner: brennam
--

CREATE INDEX useraccount_reservation_user_id_c3a0ec77 ON public.useraccount_reservation USING btree (user_id);


--
-- Name: useraccount_user_email_ad0e8321_like; Type: INDEX; Schema: public; Owner: brennam
--

CREATE INDEX useraccount_user_email_ad0e8321_like ON public.useraccount_user USING btree (email varchar_pattern_ops);


--
-- Name: useraccount_user_groups_group_id_9d49cea4; Type: INDEX; Schema: public; Owner: brennam
--

CREATE INDEX useraccount_user_groups_group_id_9d49cea4 ON public.useraccount_user_groups USING btree (group_id);


--
-- Name: useraccount_user_groups_user_id_fcea8d7d; Type: INDEX; Schema: public; Owner: brennam
--

CREATE INDEX useraccount_user_groups_user_id_fcea8d7d ON public.useraccount_user_groups USING btree (user_id);


--
-- Name: useraccount_user_user_permissions_permission_id_e65de47b; Type: INDEX; Schema: public; Owner: brennam
--

CREATE INDEX useraccount_user_user_permissions_permission_id_e65de47b ON public.useraccount_user_user_permissions USING btree (permission_id);


--
-- Name: useraccount_user_user_permissions_user_id_8fe888bb; Type: INDEX; Schema: public; Owner: brennam
--

CREATE INDEX useraccount_user_user_permissions_user_id_8fe888bb ON public.useraccount_user_user_permissions USING btree (user_id);


--
-- Name: account_emailaddress account_emailaddress_user_id_2c513194_fk_useraccount_user_id; Type: FK CONSTRAINT; Schema: public; Owner: brennam
--

ALTER TABLE ONLY public.account_emailaddress
    ADD CONSTRAINT account_emailaddress_user_id_2c513194_fk_useraccount_user_id FOREIGN KEY (user_id) REFERENCES public.useraccount_user(id) DEFERRABLE INITIALLY DEFERRED;


--
-- Name: account_emailconfirmation account_emailconfirm_email_address_id_5b7f8c58_fk_account_e; Type: FK CONSTRAINT; Schema: public; Owner: brennam
--

ALTER TABLE ONLY public.account_emailconfirmation
    ADD CONSTRAINT account_emailconfirm_email_address_id_5b7f8c58_fk_account_e FOREIGN KEY (email_address_id) REFERENCES public.account_emailaddress(id) DEFERRABLE INITIALLY DEFERRED;


--
-- Name: auth_group_permissions auth_group_permissio_permission_id_84c5c92e_fk_auth_perm; Type: FK CONSTRAINT; Schema: public; Owner: brennam
--

ALTER TABLE ONLY public.auth_group_permissions
    ADD CONSTRAINT auth_group_permissio_permission_id_84c5c92e_fk_auth_perm FOREIGN KEY (permission_id) REFERENCES public.auth_permission(id) DEFERRABLE INITIALLY DEFERRED;


--
-- Name: auth_group_permissions auth_group_permissions_group_id_b120cbf9_fk_auth_group_id; Type: FK CONSTRAINT; Schema: public; Owner: brennam
--

ALTER TABLE ONLY public.auth_group_permissions
    ADD CONSTRAINT auth_group_permissions_group_id_b120cbf9_fk_auth_group_id FOREIGN KEY (group_id) REFERENCES public.auth_group(id) DEFERRABLE INITIALLY DEFERRED;


--
-- Name: auth_permission auth_permission_content_type_id_2f476e4b_fk_django_co; Type: FK CONSTRAINT; Schema: public; Owner: brennam
--

ALTER TABLE ONLY public.auth_permission
    ADD CONSTRAINT auth_permission_content_type_id_2f476e4b_fk_django_co FOREIGN KEY (content_type_id) REFERENCES public.django_content_type(id) DEFERRABLE INITIALLY DEFERRED;


--
-- Name: authtoken_token authtoken_token_user_id_35299eff_fk_useraccount_user_id; Type: FK CONSTRAINT; Schema: public; Owner: brennam
--

ALTER TABLE ONLY public.authtoken_token
    ADD CONSTRAINT authtoken_token_user_id_35299eff_fk_useraccount_user_id FOREIGN KEY (user_id) REFERENCES public.useraccount_user(id) DEFERRABLE INITIALLY DEFERRED;


--
-- Name: django_admin_log django_admin_log_content_type_id_c4bce8eb_fk_django_co; Type: FK CONSTRAINT; Schema: public; Owner: brennam
--

ALTER TABLE ONLY public.django_admin_log
    ADD CONSTRAINT django_admin_log_content_type_id_c4bce8eb_fk_django_co FOREIGN KEY (content_type_id) REFERENCES public.django_content_type(id) DEFERRABLE INITIALLY DEFERRED;


--
-- Name: django_admin_log django_admin_log_user_id_c564eba6_fk_useraccount_user_id; Type: FK CONSTRAINT; Schema: public; Owner: brennam
--

ALTER TABLE ONLY public.django_admin_log
    ADD CONSTRAINT django_admin_log_user_id_c564eba6_fk_useraccount_user_id FOREIGN KEY (user_id) REFERENCES public.useraccount_user(id) DEFERRABLE INITIALLY DEFERRED;


--
-- Name: room_reservation room_reservation_created_by_id_8c2dcfbc_fk_useraccount_user_id; Type: FK CONSTRAINT; Schema: public; Owner: brennam
--

ALTER TABLE ONLY public.room_reservation
    ADD CONSTRAINT room_reservation_created_by_id_8c2dcfbc_fk_useraccount_user_id FOREIGN KEY (created_by_id) REFERENCES public.useraccount_user(id) DEFERRABLE INITIALLY DEFERRED;


--
-- Name: room_reservation room_reservation_room_id_827cdbff_fk_room_room_id; Type: FK CONSTRAINT; Schema: public; Owner: brennam
--

ALTER TABLE ONLY public.room_reservation
    ADD CONSTRAINT room_reservation_room_id_827cdbff_fk_room_room_id FOREIGN KEY (room_id) REFERENCES public.room_room(id) DEFERRABLE INITIALLY DEFERRED;


--
-- Name: room_room room_room_category_id_6b6fd792_fk_room_category_id; Type: FK CONSTRAINT; Schema: public; Owner: brennam
--

ALTER TABLE ONLY public.room_room
    ADD CONSTRAINT room_room_category_id_6b6fd792_fk_room_category_id FOREIGN KEY (category_id) REFERENCES public.room_category(id) DEFERRABLE INITIALLY DEFERRED;


--
-- Name: room_room room_room_wing_id_1c69a4b9_fk_room_wing_id; Type: FK CONSTRAINT; Schema: public; Owner: brennam
--

ALTER TABLE ONLY public.room_room
    ADD CONSTRAINT room_room_wing_id_1c69a4b9_fk_room_wing_id FOREIGN KEY (wing_id) REFERENCES public.room_wing(id) DEFERRABLE INITIALLY DEFERRED;


--
-- Name: socialaccount_socialtoken socialaccount_social_account_id_951f210e_fk_socialacc; Type: FK CONSTRAINT; Schema: public; Owner: brennam
--

ALTER TABLE ONLY public.socialaccount_socialtoken
    ADD CONSTRAINT socialaccount_social_account_id_951f210e_fk_socialacc FOREIGN KEY (account_id) REFERENCES public.socialaccount_socialaccount(id) DEFERRABLE INITIALLY DEFERRED;


--
-- Name: socialaccount_socialtoken socialaccount_social_app_id_636a42d7_fk_socialacc; Type: FK CONSTRAINT; Schema: public; Owner: brennam
--

ALTER TABLE ONLY public.socialaccount_socialtoken
    ADD CONSTRAINT socialaccount_social_app_id_636a42d7_fk_socialacc FOREIGN KEY (app_id) REFERENCES public.socialaccount_socialapp(id) DEFERRABLE INITIALLY DEFERRED;


--
-- Name: socialaccount_socialaccount socialaccount_social_user_id_8146e70c_fk_useraccou; Type: FK CONSTRAINT; Schema: public; Owner: brennam
--

ALTER TABLE ONLY public.socialaccount_socialaccount
    ADD CONSTRAINT socialaccount_social_user_id_8146e70c_fk_useraccou FOREIGN KEY (user_id) REFERENCES public.useraccount_user(id) DEFERRABLE INITIALLY DEFERRED;


--
-- Name: token_blacklist_blacklistedtoken token_blacklist_blacklistedtoken_token_id_3cc7fe56_fk; Type: FK CONSTRAINT; Schema: public; Owner: brennam
--

ALTER TABLE ONLY public.token_blacklist_blacklistedtoken
    ADD CONSTRAINT token_blacklist_blacklistedtoken_token_id_3cc7fe56_fk FOREIGN KEY (token_id) REFERENCES public.token_blacklist_outstandingtoken(id) DEFERRABLE INITIALLY DEFERRED;


--
-- Name: token_blacklist_outstandingtoken token_blacklist_outs_user_id_83bc629a_fk_useraccou; Type: FK CONSTRAINT; Schema: public; Owner: brennam
--

ALTER TABLE ONLY public.token_blacklist_outstandingtoken
    ADD CONSTRAINT token_blacklist_outs_user_id_83bc629a_fk_useraccou FOREIGN KEY (user_id) REFERENCES public.useraccount_user(id) DEFERRABLE INITIALLY DEFERRED;


--
-- Name: useraccount_reservation useraccount_reservation_room_id_03c1e9f7_fk_room_room_id; Type: FK CONSTRAINT; Schema: public; Owner: brennam
--

ALTER TABLE ONLY public.useraccount_reservation
    ADD CONSTRAINT useraccount_reservation_room_id_03c1e9f7_fk_room_room_id FOREIGN KEY (room_id) REFERENCES public.room_room(id) DEFERRABLE INITIALLY DEFERRED;


--
-- Name: useraccount_reservation useraccount_reservation_user_id_c3a0ec77_fk_useraccount_user_id; Type: FK CONSTRAINT; Schema: public; Owner: brennam
--

ALTER TABLE ONLY public.useraccount_reservation
    ADD CONSTRAINT useraccount_reservation_user_id_c3a0ec77_fk_useraccount_user_id FOREIGN KEY (user_id) REFERENCES public.useraccount_user(id) DEFERRABLE INITIALLY DEFERRED;


--
-- Name: useraccount_user_groups useraccount_user_groups_group_id_9d49cea4_fk_auth_group_id; Type: FK CONSTRAINT; Schema: public; Owner: brennam
--

ALTER TABLE ONLY public.useraccount_user_groups
    ADD CONSTRAINT useraccount_user_groups_group_id_9d49cea4_fk_auth_group_id FOREIGN KEY (group_id) REFERENCES public.auth_group(id) DEFERRABLE INITIALLY DEFERRED;


--
-- Name: useraccount_user_groups useraccount_user_groups_user_id_fcea8d7d_fk_useraccount_user_id; Type: FK CONSTRAINT; Schema: public; Owner: brennam
--

ALTER TABLE ONLY public.useraccount_user_groups
    ADD CONSTRAINT useraccount_user_groups_user_id_fcea8d7d_fk_useraccount_user_id FOREIGN KEY (user_id) REFERENCES public.useraccount_user(id) DEFERRABLE INITIALLY DEFERRED;


--
-- Name: useraccount_user_user_permissions useraccount_user_use_permission_id_e65de47b_fk_auth_perm; Type: FK CONSTRAINT; Schema: public; Owner: brennam
--

ALTER TABLE ONLY public.useraccount_user_user_permissions
    ADD CONSTRAINT useraccount_user_use_permission_id_e65de47b_fk_auth_perm FOREIGN KEY (permission_id) REFERENCES public.auth_permission(id) DEFERRABLE INITIALLY DEFERRED;


--
-- Name: useraccount_user_user_permissions useraccount_user_use_user_id_8fe888bb_fk_useraccou; Type: FK CONSTRAINT; Schema: public; Owner: brennam
--

ALTER TABLE ONLY public.useraccount_user_user_permissions
    ADD CONSTRAINT useraccount_user_use_user_id_8fe888bb_fk_useraccou FOREIGN KEY (user_id) REFERENCES public.useraccount_user(id) DEFERRABLE INITIALLY DEFERRED;


--
-- PostgreSQL database dump complete
--

